<?xml version="1.0" encoding="utf-8"?>
<!DOCTYPE article PUBLIC "-//NLM//DTD JATS (Z39.96) Journal Publishing DTD v1.1 20151215//EN" "http://jats.nlm.nih.gov/publishing/1.1/JATS-journalpublishing1.dtd">
<article xmlns:xlink="http://www.w3.org/1999/xlink" dtd-version="1.1" article-type="research-article" xml:lang="eng">
<front>
<journal-meta>
<journal-id journal-id-type="CATS">ISE</journal-id>
<journal-id journal-id-type="eissn">1876-312X</journal-id>
<journal-title-group>
<journal-title>Insect Systematics &#x0026; Evolution</journal-title>
<journal-subtitle>An International Journal of Systematic Entomology</journal-subtitle>
<abbrev-journal-title abbrev-type="ltwa">Insect Syst. Evol.</abbrev-journal-title>
</journal-title-group>
<issn publication-format="print">1399-560X</issn>
<issn publication-format="online">1876-312X</issn>
<publisher>
<publisher-name>Brill</publisher-name>
<publisher-loc>Leiden</publisher-loc>
</publisher>
</journal-meta>
<article-meta>
<article-id pub-id-type="doi">10.1163/1876312X-bja10016</article-id>
<article-categories>
<subj-group subj-group-type="heading"><subject>Articles</subject></subj-group>
</article-categories>
<title-group>
<article-title>Revision of the Australian soldier fly genus <italic>Antissella</italic> White, 1914, including six new species (Stratiomyidae: Antissinae)</article-title>
</title-group>
<contrib-group>
<contrib contrib-type="author"><name><surname>Lessard</surname><given-names>Bryan D.</given-names></name><xref ref-type="aff" rid="aff00001"/><xref ref-type="fn" rid="fn1">&#x002A;</xref><xref ref-type="fn" rid="fn2">&#x002A;&#x002A;</xref></contrib>
<contrib contrib-type="author"><name><surname>Yeates</surname><given-names>David K.</given-names></name><xref ref-type="aff" rid="aff00001"/><xref ref-type="fn" rid="fn3">&#x002A;&#x002A;&#x002A;</xref></contrib>
<contrib contrib-type="author"><name><surname>Woodley</surname><given-names>Norman E.</given-names></name><xref ref-type="aff" rid="aff00002"/><xref ref-type="fn" rid="fn4">&#x002A;&#x002A;&#x002A;&#x002A;</xref></contrib>
<aff id="aff00001"><sup>1</sup><institution>Australian National Insect Collection, National Research Collections Australia</institution>, CSIRO, PO Box 1700 Canberra, ACT 2601, <country>Australia</country></aff>
<aff id="aff00002"><sup>2</sup>Department of Entomology, <institution>Smithsonian Institution</institution>, c/o 8920 S Bryerly Ct., Hereford, AZ 85615, <country>USA</country></aff>
</contrib-group>
<author-notes>
<fn id="fn1"><label>&#x002A;</label><p>Corresponding author, e-mail: <email>bryan.lessard@csiro.au</email></p></fn>
<fn id="fn2"><label>&#x002A;&#x002A;</label><p>Bryan D. Lessard: zoobank.org/urn:lsid:zoobank.org:author:277F9B2F-780A-4D54-9D13-7A6FB44ABF07</p></fn>
<fn id="fn3"><label>&#x002A;&#x002A;&#x002A;</label><p>David K. Yeates: zoobank.org/urn:lsid:zoobank.org:author:3E60358E-6540-480B-A330-980A0964C830</p></fn>
<fn id="fn4"><label>&#x002A;&#x002A;&#x002A;&#x002A;</label><p>Norman E. Woodley: zoobank.org/urn:lsid:zoobank.org:author:2EA42EC4-BF86-4EEB-B97F-63C3C5A15298</p></fn>
</author-notes>
<pub-date date-type="article" publication-format="online"><day>27</day><month>01</month><year>2021</year></pub-date>
<pub-date date-type="issue" publication-format="online"><day>12</day><month>07</month><year>2021</year></pub-date>
<volume content-type="number">52</volume>
<volume content-type="year">2021</volume>
<issue>4</issue>
<fpage specific-use="PDF" seq="444">444</fpage>
<lpage>476</lpage>
<permissions>
<copyright-statement>&#x00A9; Koninklijke Brill NV, Leiden, 2021</copyright-statement>
<copyright-year>2021</copyright-year>
<copyright-holder>Koninklijke Brill NV incorporates the imprints Brill, Brill Nijhoff, Brill Hotei, Brill Sch&#x00F6;ningh, Brill Fink, Brill mentis, Vandenhoeck &#x0026; Ruprecht, B&#x00F6;hlau Verlag and V&#x0026;R Unipress.</copyright-holder>
</permissions>
<self-uri content-type="pdf" xlink:href="1876312X_052_04_s004_text.pdf"/>
<abstract><title>Abstract</title>
<p><italic>Antissella</italic> <xref ref-type="bibr" rid="R000020">White, 1914</xref> is a small genus of soldier flies endemic to Australia, previously thought to comprise only two described species and suspected to have a role in pollination. Six new species of <italic>Antissella</italic> are named, described and illustrated herein, and an updated identification key to all known species is provided. The new species include: <italic>Antissella alicespringsensis</italic> Lessard &#x0026; Woodley <bold>sp.n.</bold>, <italic>Antissella elongata</italic> Lessard &#x0026; Woodley, <bold>sp.n.</bold>, <italic>Antissella kalbarriensis</italic> Lessard &#x0026; Woodley <bold>sp.n.</bold>, <italic>Antissella nigricentralis</italic> Lessard &#x0026; Woodley <bold>sp.n.</bold>, <italic>Antissella ottensorum</italic> Lessard &#x0026; Woodley, <bold>sp.n.</bold>, and <italic>Antissella purprasina</italic> Lessard &#x0026; Woodley, <bold>sp.n.</bold> A lectotype and paralectotype are also selected for <italic>Antissella quinquecella</italic> (<xref ref-type="bibr" rid="R000013">Macquart, 1846</xref>). Eight species of <italic>Antissella</italic> are now recognised from Australia. Three of the new species are known from areas burned by the devastating 2019/2020 Australian summer bushfires. Now that they are formally named and described, the species may be recognised in future bushfire recovery monitoring programs.</p></abstract>
<kwd-group>
<title>Keywords</title>
<kwd>Taxonomy</kwd>
<kwd>classification</kwd>
<kwd>biodiversity</kwd>
<kwd>Diptera</kwd>
<kwd>species description</kwd>
<kwd>systematics</kwd>
</kwd-group>
<custom-meta-group><custom-meta><meta-name>version</meta-name><meta-value>fulltext</meta-value></custom-meta></custom-meta-group>
</article-meta>
</front>
<body>
<p>ZooBank: <uri xlink:href="http://zoobank.org/0dde2359-fd1f-4cb3-b9a1-c9f24755fae1">http://zoobank.org/0dde2359-fd1f-4cb3-b9a1-c9f24755fae1</uri></p>
<sec id="s1" sec-type="heading-1"><title>Introduction</title>
<p>The Stratiomyidae are a cosmopolitan family of Diptera, with eight subfamilies recognised in Australia (<xref ref-type="bibr" rid="R000023">Woodley 2001</xref>). Adults are known to visit flowers (<xref ref-type="bibr" rid="R000009">Lessard et al. 2019</xref>), whereas the larvae feed on decaying organic matter (<xref ref-type="bibr" rid="R000011">Lessard et al. 2020b</xref>), occasionally becoming pests of agricultural crops (<xref ref-type="bibr" rid="R000010">Lessard et al. 2020a</xref>). The Antissinae are a small subfamily of colourful metallic soldier flies, currently defined by the middle legs with a tibial spur present and male terminalia with large, explanate gonostyli (<xref ref-type="bibr" rid="R000023">Woodley 2001</xref>). The subfamily comprises 25 species described in eight genera distributed in Australia, New Guinea, South America and the Nearctic (<xref ref-type="bibr" rid="R000023">Woodley 2001</xref>; <xref ref-type="bibr" rid="R000012">Lessard et al. 2020c</xref>). Five genera are endemic to Australia, including <italic>Anacanthella</italic> <xref ref-type="bibr" rid="R000015">Macquart, 1855</xref>, <italic>Antissa</italic> <xref ref-type="bibr" rid="R000019">Walker, 1854</xref>, <italic>Antissella</italic> <xref ref-type="bibr" rid="R000020">White, 1914</xref>, <italic>Lecomyia</italic> <xref ref-type="bibr" rid="R000021">White, 1916</xref> and the recently described <italic>Opaluma</italic> Lessard &#x0026; Woodley, 2020 (<xref ref-type="bibr" rid="R000023">Woodley 2001</xref>; <xref ref-type="bibr" rid="R000012">Lessard et al. 2020c</xref>).</p>
<p>Members of <italic>Antissella</italic> are relatively elongate, green to coppery red flies. The genus is widespread throughout Australia, occurring in every state and territory (<xref ref-type="fig" rid="F1">Fig. 1</xref>). Based on collection records, <italic>Antissella</italic> is found in a variety of habitats including shrubland, dry sclerophyll forests and rainforests. The biology of the genus is relatively unknown, although the genus is expected to have an unappreciated role in pollination as museum specimens have been collected from flowers of <italic>Correa</italic> (Rutaceae)<italic>, Choretrum</italic> (Santalaceae) and <italic>Eucalyptus</italic> (Myrtaceae).</p>
<fig id="F1" position="float"><label>Fig. 1.</label><caption><p>Distribution of <italic>Antissella</italic> <xref ref-type="bibr" rid="R000020">White, 1914</xref>. <sc>act</sc>, Australian Capital Territory; NSW, New South Wales; <sc>nt</sc>, Northern Territory; Qld, Queensland; SA, South Australia; Tas, Tasmania; Vic, Victoria; WA, Western Australia.</p></caption><graphic xlink:href="1876312X_052_04_s004_text-f0001.jpg"/></fig>
<p>Until recently, the taxonomic knowledge of the Australian Stratiomyidae was historically poor, hindered by a waning interest in the family (<xref ref-type="bibr" rid="R000008">Lessard et al. 2018</xref>). In the past century, many undescribed species of Antissinae were collected, but left unidentified in entomological collections (<xref ref-type="bibr" rid="R000012">Lessard et al. 2020c</xref>). Only two described species of <italic>Antissella</italic> were recognised prior to this study. <xref ref-type="bibr" rid="R000020">White (1914)</xref> originally proposed the genus as monotypic for <italic>Antissella parvidentata</italic> (<xref ref-type="bibr" rid="R000014">Macquart, 1850</xref>), stating that is was similar to <italic>Antissa</italic> based on the presence of rudimentary spines (referred to from hereon as marginal denticles), but could be separated by the longer antennae being twice the length of the head (<xref ref-type="bibr" rid="R000020">White 1914</xref>, <xref ref-type="bibr" rid="R000021">1916</xref>). <xref ref-type="bibr" rid="R000023">Woodley (2001)</xref> later transferred <italic>Antissella quinquecella</italic> (<xref ref-type="bibr" rid="R000013">Macquart, 1846</xref>) into the genus from its previous placement in <italic>Lecomyia</italic>. In this paper, we describe, name and illustrate six new species of <italic>Antissella</italic>, quadrupling the size of the genus, and provide an updated key to all eight species now recognised from Australia.</p>
</sec>
<sec id="s2" sec-type="heading-1"><title>Materials and methods</title>
<p>Specimens were examined using a Zeiss dissecting microscope and photographed on a Dun Inc. <sc>bk</sc> Imaging &#x2012; <sc>plus</sc> Lab System using a Canon 65&#x2009;mm lens. Images were stacked in Zerene Stacker v 1.0 software and processed in Adobe Photoshop CS6 to obtain a fully sharpened image.</p>
<p>Genitalia were prepared by dissecting from the apical portion of the abdomen that was placed in <sc>koh</sc> at 70&#x00B0;C and allowed to incubate overnight at room temperature, followed by a wash in distilled water. Genitalia were examined in glycerine then transferred to <sc>ky</sc> jelly and imaged on a Leica M205A microscope and stacked using Zerene Stacker v 1.0 software. Genitalia were then placed in glycerine and stored in microvials pinned below each specimen.</p>
<p>Morphological terminology follows <xref ref-type="bibr" rid="R000001">Cumming &#x0026; Wood (2017)</xref> and <xref ref-type="bibr" rid="R000005">Hauser et al. (2017)</xref>. Body lengths are given exclusive of antennae. Frontal index was calculated by dividing the length of the anterior ocellus to the base of the antennae by the width of the middle frons (note: the description of frontal index was wrongly transposed as frons width divided by length previously in Lessard et al. 2018, 2019, 2020a, 2020b, 2020c).</p>
<p>Holotype specimen labels are quoted verbatim (i.e. &#x201C;xx&#x201D;) and individual lines are separated by forward slashes (/). Type specimens were imaged for all species. As the original type specimens of <italic>A. parvidentata</italic> and <italic>A. quinquecella</italic> are in poor condition, additional images are provided for more recently collected museum specimens, and the redescription of each species is completed using additional non-type material. Novel type material is deposited in collections presented in square parentheses ([]). A distribution map for each species of <italic>Antissella</italic> was generated in BioLink version 3 software and presented in <xref ref-type="fig" rid="F1">Fig. 1</xref>. Bushfire data for the 2019/2020 season was obtained from the National Indicative Aggregated Fire Extent Dataset (<xref ref-type="bibr" rid="R000002">DAWE 2020</xref>).</p>
</sec>
<sec id="s3" sec-type="heading-1"><title>List of abbreviations</title>
<def-list>
<def-item><term>ACT</term><def><p>Australian Capital Territory</p></def></def-item>
<def-item><term>ANIC</term><def><p>Australian National Insect Collection, <sc>csiro</sc>, Canberra, Australia</p></def></def-item>
<def-item><term>AMS</term><def><p>Entomology, Australian Museum, Sydney, Australia</p></def></def-item>
<def-item><term><italic>Br</italic></term><def><p>Basal radial cell (wing terminology)</p></def></def-item>
<def-item><term>cerc</term><def><p>Cercus (male terminalia)</p></def></def-item>
<def-item><term>epand</term><def><p>Epandrium (male terminalia)</p></def></def-item>
<def-item><term>goncx</term><def><p>Gonocoxite (male terminalia)</p></def></def-item>
<def-item><term>goncx apod</term><def><p>Gonocoxal apodeme (male terminalia)</p></def></def-item>
<def-item><term>gonst</term><def><p>Gonostylus (male terminalia)</p></def></def-item>
<def-item><term>lt lb</term><def><p>Lateral lobe, phallic complex (male terminalia)</p></def></def-item>
<def-item><term><italic>M</italic></term><def><p>Medial vein (wing terminology)</p></def></def-item>
<def-item><term>mb lb</term><def><p>Medial lobe, phallic complex (male terminalia)</p></def></def-item>
<def-item><term>MNHN</term><def><p>Laboratoire d&#x2019;Entomologie, Mus&#x00E9;um National d&#x2019;Histoire Naturelle, Paris, France</p></def></def-item>
<def-item><term>NP</term><def><p>National Park</p></def></def-item>
<def-item><term>NSW</term><def><p>New South Wales</p></def></def-item>
<def-item><term>NT</term><def><p>Northern Territory</p></def></def-item>
<def-item><term>pm sh</term><def><p>Parameral sheath (male terminalia)</p></def></def-item>
<def-item><term>prct</term><def><p>Proctiger (male terminalia)</p></def></def-item>
<def-item><term>Qld</term><def><p>Queensland</p></def></def-item>
<def-item><term>QM</term><def><p>Entomology, Queensland Museum, Brisbane, Australia</p></def></def-item>
<def-item><term><italic>R</italic></term><def><p>Radial vein (wing terminology)</p></def></def-item>
<def-item><term>RGC</term><def><p>Richard Glatz Private Collection, Kangaroo Island, South Australia</p></def></def-item>
<def-item><term>SA</term><def><p>South Australia</p></def></def-item>
<def-item><term>SAMA</term><def><p>Entomology, South Australian Museum, Adelaide, Australia</p></def></def-item>
<def-item><term>smp</term><def><p>Synsternite medial process (male terminalia)</p></def></def-item>
<def-item><term>Tas</term><def><p>Tasmania</p></def></def-item>
<def-item><term>Vic</term><def><p>Victoria</p></def></def-item>
<def-item><term>WA</term><def><p>Western Australia</p></def></def-item>
</def-list>
</sec>
<sec id="s4" sec-type="heading-1"><title>Taxonomy</title>
<sec id="s5" sec-type="heading-2"><title>Genus Antissella <xref ref-type="bibr" rid="R000020">White, 1914</xref></title>
<p>(<xref ref-type="fig" rid="F2">Figs 2</xref>&#x2013;<xref ref-type="fig" rid="F17">17</xref>)</p>
<fig id="F2" position="float"><label>Fig. 2.</label><caption><p><italic>Beris parvidentata</italic> <xref ref-type="bibr" rid="R000014">Macquart, 1850</xref> holotype female (<sc>mnhn</sc>): (a) dorsum; (b) side; (c) head, front, and; (d) head, anterolateral.</p></caption><graphic xlink:href="1876312X_052_04_s004_text-f0002.jpg"/></fig>
<fig id="F3" position="float"><label>Fig. 3.</label><caption><p><italic>Antissella parvidentata</italic> (<xref ref-type="bibr" rid="R000014">Macquart, 1850</xref>) male (AMS K504400): (a) dorsum; (b) side; (c) head, front, and; (d) head, anterolateral.</p></caption><graphic xlink:href="1876312X_052_04_s004_text-f0003.jpg"/></fig>
<fig id="F4" position="float"><label>Fig. 4.</label><caption><p><italic>Antissella parvidentata</italic> (<xref ref-type="bibr" rid="R000014">Macquart, 1850</xref>) female (ANIC 29-037385): (a) dorsum; (b) side; (c) head, front, and; (d) head, anterolateral.</p></caption><graphic xlink:href="1876312X_052_04_s004_text-f0004.jpg"/></fig>
<fig id="F5" position="float"><label>Fig. 5.</label><caption><p><italic>Beris quinquecella</italic> <xref ref-type="bibr" rid="R000013">Macquart, 1846</xref> lectotype female (<sc>mnhn</sc>): (a) dorsum; (b) side; (c) head, front, and; (d) head, anterolateral.</p></caption><graphic xlink:href="1876312X_052_04_s004_text-f0005.jpg"/></fig>
<fig id="F6" position="float"><label>Fig. 6.</label><caption><p><italic>Beris quinquecella</italic> <xref ref-type="bibr" rid="R000013">Macquart, 1846</xref> paralectotype female (<sc>mnhn</sc>): (a) dorsum; (b) side; (c) head, front, and; (d) head, anterolateral.</p></caption><graphic xlink:href="1876312X_052_04_s004_text-f0006.jpg"/></fig>
<fig id="F7" position="float"><label>Fig. 7.</label><caption><p><italic>Antissella quinquecella</italic> (<xref ref-type="bibr" rid="R000013">Macquart, 1846</xref>) male (AMS K448363): (a) dorsum; (b) side; (c) head, front, and; (d) head, anterolateral.</p></caption><graphic xlink:href="1876312X_052_04_s004_text-f0007.jpg"/></fig>
<fig id="F8" position="float"><label>Fig. 8.</label><caption><p><italic>Antissella quinquecella</italic> (<xref ref-type="bibr" rid="R000013">Macquart, 1846</xref>) female (AMS K448364): (a) dorsum; (b) side; (c) head, front, and; (d) head, anterolateral.</p></caption><graphic xlink:href="1876312X_052_04_s004_text-f0008.jpg"/></fig>
<fig id="F9" position="float"><label>Fig. 9.</label><caption><p><italic>Antissella purprasina</italic> Lessard &#x0026; Woodley, <bold>sp.n.</bold> holotype female (QM T246799): (a) dorsum; (b) side; (c) head, front, and; (d) head, anterolateral.</p></caption><graphic xlink:href="1876312X_052_04_s004_text-f0009.jpg"/></fig>
<fig id="F10" position="float"><label>Fig. 10.</label><caption><p><italic>Antissella ottensorum</italic> Lessard &#x0026; Woodley, <bold>sp.n</bold>. holotype male (SAMA 29-005719): (a) dorsum; (b) side; (c) head, front, and; (d) head, anterolateral. Paratype male (RGC 6231): (e) genitalia, ventral; (f) genitalia, dorsal; (g) epandrium, proctiger and cerci, lateral, and; (h) epandrium, proctiger and cerci, ventral. Abbreviations: cerc, cercus; epand, epandrium; goncx, gonocoxite; goncx apod, gonocoxal apodeme; gonst, gonostylus; ph, phallic complex; prct, proctiger; smp, synsternite medial process.</p></caption><graphic xlink:href="1876312X_052_04_s004_text-f0010.jpg"/></fig>
<fig id="F11" position="float"><label>Fig. 11.</label><caption><p><italic>Antissella ottensorum</italic> Lessard &#x0026; Woodley, <bold>sp.n.</bold> paratype female (SAMA 29-005721): (a) dorsum; (b) side; (c) head, front, and; (d) head, anterolateral.</p></caption><graphic xlink:href="1876312X_052_04_s004_text-f0011.jpg"/></fig>
<fig id="F12" position="float"><label>Fig. 12.</label><caption><p><italic>Antissella elongata</italic> Lessard &#x0026; Woodley, sp.n. holotype male (ANIC 29-037440): (a) dorsum; (b) side; (c) head, front; (d) head, anterolateral; (e) terminalia, dorsal, and; (f) terminalia, ventral.</p></caption><graphic xlink:href="1876312X_052_04_s004_text-f0012.jpg"/></fig>
<fig id="F13" position="float"><label>Fig. 13.</label><caption><p><italic>Antissella kalbarriensis</italic> Lessard &#x0026; Woodley, <bold>sp.n.</bold> holotype female (ANIC 29-037441): (a) dorsum; (b) side; (c) head, front, and; (d) head, anterolateral.</p></caption><graphic xlink:href="1876312X_052_04_s004_text-f0013.jpg"/></fig>
<fig id="F14" position="float"><label>Fig. 14.</label><caption><p><italic>Antissella nigricentralis</italic> Lessard &#x0026; Woodley, <bold>sp.n.</bold> holotype male (ANIC 29-037443): (a) dorsum; (b) side; (c) head, front, and; (d) head, anterolateral. Paratype male (ANIC 29-037445): (e) genitalia, ventral; (f) genitalia, dorsal; (g) epandrium, proctiger and cerci, lateral, and; (h) epandrium, proctiger and cerci, ventral. Abbreviations: cerc, cercus; epand, epandrium; goncx, gonocoxite; goncx apod, gonocoxal apodeme; gonst, gonostylus; ph, phallic complex; prct, proctiger; smp, synsternite medial process.</p></caption><graphic xlink:href="1876312X_052_04_s004_text-f0014.jpg"/></fig>
<fig id="F15" position="float"><label>Fig. 15.</label><caption><p><italic>Antissella nigricentralis</italic> Lessard &#x0026; Woodley, <bold>sp.n.</bold> paratype female (ANIC 29-037446): (a) dorsum; (b) side; (c) head, front, and; (d) head, anterolateral.</p></caption><graphic xlink:href="1876312X_052_04_s004_text-f0015.jpg"/></fig>
<fig id="F16" position="float"><label>Fig. 16.</label><caption><p><italic>Antissella alicespringsensis</italic> Lessard &#x0026; Woodley, <bold>sp.n.</bold> holotype male (ANIC 29-037448): (a) dorsum; (b) side; (c) head, front, and; (d) head, anterolateral. Paratype male (ANIC 29-037451): (e) genitalia, ventral; (f) genitalia, dorsal; (g) epandrium, proctiger and cerci, lateral, and; (h) epandrium, proctiger and cerci, ventral. Abbreviations: cerc, cercus; epand, epandrium; goncx, gonocoxite; goncx apod, gonocoxal apodeme; gonst, gonostylus; ph, phallic complex; prct, proctiger; smp, synsternite medial process.</p></caption><graphic xlink:href="1876312X_052_04_s004_text-f0016.jpg"/></fig>
<fig id="F17" position="float"><label>Fig. 17.</label><caption><p><italic>Antissella alicespringsensis</italic> Lessard &#x0026; Woodley, <bold>sp.n.</bold> paratype female (ANIC 29-037449): (a) dorsum; (b) side; (c) head, front, and; (d) head, anterolateral.</p></caption><graphic xlink:href="1876312X_052_04_s004_text-f0017.jpg"/></fig>
<p><italic>Antissella</italic> <xref ref-type="bibr" rid="R000020">White, 1914</xref>: 52. Type species, <italic>Beris parvidentata</italic> <xref ref-type="bibr" rid="R000014">Macquart, 1850</xref>, by monotypy. For complete synonymy see <xref ref-type="bibr" rid="R000023">Woodley (2001: 76)</xref>. Hardy (as Clitellariinae, tribe Antissini in 1920: 52 and 1932: 46); <xref ref-type="bibr" rid="R000021">White (1916: 81)</xref>; <xref ref-type="bibr" rid="R000022">Woodley (1989: 305)</xref>.</p>
<p><italic>Diagnosis.</italic> Relatively slender, green to coppery red flies, most similar to <italic>Anacanthella</italic>, but distinguished by the more elongate abdomen, 1.25 times longer than wide, moderately wider frons in the females (index 1.9&#x2013;2.3), thorax dark bluish green to coppery red, with relatively sparse, erect hair-like setae, and scutellum with 8&#x2013;12 obvious marginal denticles.</p>
<p><italic>Antissella</italic> can be separated from other world antissine genera by its scutellum with marginal denticles present (as opposed to elongate spines), and specifically from: <italic>Discopteromyia</italic> de <xref ref-type="bibr" rid="R000017">Meijere, 1913</xref> (New Guinea) by the shorter antennae, less than 1.5 times the length of head (longer, about twice as long as length of head in <italic>Discopteromyia</italic>) and presence of wing vein <italic>M</italic><sub>3</sub> (absent in <italic>Discopteromyia</italic>; <xref ref-type="bibr" rid="R000017">Meijere 1913</xref>; <xref ref-type="bibr" rid="R000007">James 1978</xref>), and; <italic>Cyanauges</italic> Rondani, 1863 (Brazil and Chile) and <italic>Exodontha</italic> Rondani, 1856 (Nearctic and Palearctic) by the longer antennae, 1.2 times as long as head length, with elongate, cylindrical and well defined flagellomeres, and apical flagellomeres short, thick and blunt (antennae shorter than head length, with more compressed flagellomeres in <italic>Cyanauges</italic> and <italic>Exodontha</italic>; <italic>Cyanauges</italic> with apical flagellomeres slender, style-like; <xref ref-type="bibr" rid="R000018">Nagatomi 1968</xref>; <xref ref-type="bibr" rid="R000006">James 1973</xref>).</p>
<p><italic>Description.</italic> Length 5&#x2013;11.5&#x2009;mm. <italic>Male.</italic> Length 5&#x2013;8&#x2009;mm Head: Eyes dichoptic, usually separated by at least the width of anterior ocellus (as wide as ocellar tubercle only in <italic>Antissella elongata</italic> Lessard &#x0026; Woodley, <bold>sp.n.</bold>), relatively small, approximately 0.8 times as wide as thorax, ommatidia slightly wider anteriorly, large, occupying most of head in lateral view. Frons reduced, shining metallic, widest at upper frons, 0.15&#x2013;0.3 times the width of the head at anterior ocellus, distinctly converging ventrally, with dense, hair-like setae and bare dorsal area; vertex diverging posteriorly, shining metallic. Face not visible in lateral view, semi-shining, with dense, long, hair-like setae. Antennae moderately long, usually about 1.2 times length of head (1.5 times length in <italic>A. elongata</italic> Lessard &#x0026; Woodley, <bold>sp.n.</bold>); scapes 1.0&#x2013;1.4 times length of pedicels, both segments covered in short, black hair-like setae; flagellae usually 1.4&#x2013;2.0 times length of scape+pedicel (3.5 times length in <italic>A. elongata</italic> Lessard &#x0026; Woodley, <bold>sp.n.</bold>). Palpi with second segment cylindrical to ovoid, blunted apically.</p>
<p>Thorax: Scutum elongate, scutum+scutellum 1.2&#x2013;1.5 as long as wide, green with reflections of blue to coppery red, without tomentum or distinct patterns, covered in erect and some appressed hair-like setae; scutellum same colour as scutum, margins rounded, with 8&#x2013;12 marginal denticles, occasionally obscured by long, dense hair-like setae. Legs unmodified. Wings smoky yellowish brown to slightly hyaline; <italic>R</italic><sub>1</sub> relatively straight to slightly sinuous; <italic>R</italic><sub>4</sub> curved to sinuous, vein <italic>M</italic><sub>3</sub> terminating half to three quarters distance to wing margin, all other <italic>M</italic> veins weakening, almost or completely reaching wing margin.</p>
<p>Abdomen: Truncate ovoid, usually about 1.25 times as long as wide, occasionally elongate, 1.7 times as long as wide (as in <italic>Antissella purprasina</italic> Lessard &#x0026; Woodley <bold>sp.n.</bold>), or relatively short, 0.8 times as long as wide (only in <italic>Antissella kalbarriensis</italic> Lessard &#x0026; Woodley, <bold>sp.n.</bold>), with brilliant reflections of copper, purple, blue and/or green, tergites covered in short, relatively dense hair-like setae, with long, erect hair-like setae towards lateral margins, most obvious at basal tergites. Sternites shining, with reflections of copper to green, with marginal sublateral indentations, covered in short, appressed hair-like setae, long and erect at centre of sternites. Terminalia: brown with hair-like setae moderately long, yellowish or brown; gonostyli dorsoventrally flattened, lateral margins relatively straight, posterior margins usually tapering; gonocoxites tapering anteriorly, posterior margin of synsternite with a pair of medial processes; phallic complex trifid, with medial lobe exceeding length of lateral lobes, with parameral sheath present, usually slender, exceeding length of phallic complex and distinctly tapering posteriorly.</p>
<p><italic>Female.</italic> Length 5&#x2013;11.5&#x2009;mm. Similar to male, but with the following differences: covered in shorter, sparser, more appressed hair-like setae. Frons narrow to relatively wide (index 1.5&#x2013;2.4), margins parallel to slightly converging ventrally on upper four fifths of frons length, lower fifth of frons with margins diverging ventrally, cuticular surface shining, without tomentum, relatively bare, with a patch of dense, hair-like setae at lateral margins of middle third. Thorax covered in short, more appressed than erect, hair-like setae, not as densely covered as in males. Cerci yellowish brown, two-segmented, second segment elongate and ovoid, bluntly rounded at tip, covered in long, yellowish brown hair-like setae.</p>
<p><italic>Distribution.</italic> The genus is known from all Australian states and territories (<xref ref-type="fig" rid="F1">Fig. 1</xref>) and recorded from a range of habitats including shrubland, dry sclerophyll forests and rainforests.</p>
<p><italic>Remarks.</italic> At least two putatively undescribed species are known from collections that can be separated by their small size (length 5&#x2009;mm), relatively stout bodies and dull colouration. Both are formed from a series of singleton specimens spanning diverse geographical locations. The first is a Western Australian population known from three females and one male (female, Margaret River, AMS K504386; female, Bunbury, AMS K504385; male, Watheroo <sc>np</sc>, ANIC 29-037464; and female, nr. Dongara, ANIC 29-037465). The second is an eastern population known from a single female specimen from Barren Grounds Nature Reserve, NSW (ANIC 29-037466), and a single male specimen from Little Desert <sc>np</sc>, Vic (ANIC 29-037467). These potentially undescribed species are left untreated until more specimens become available.</p>
</sec>
</sec>
<sec id="s6" sec-type="heading-1"><title>Key to species for both sexes of Antissella</title>
<p><list list-type="simple">
<list-item><label>1.</label><p>Antennae long, flagellae more than 3 times as long as scape+pedicel; males with widely dichoptic eyes, lower frons as wide as ocellar tubercle; <sc>nt</sc> (<xref ref-type="fig" rid="F12">Fig. 12</xref>)&#x2026;&#x2026;&#x2026;&#x2026;&#x2026;.&#x2026;&#x2026;&#x2026;&#x2026;&#x2026;&#x2026;&#x2026;&#x2026;&#x2026;&#x2026;&#x2026;&#x2026;&#x2026; <italic>elongata</italic> Lessard &#x0026; Woodley, <bold>sp.n.</bold>
<list list-type="simple">
<list-item><label>&#x2012;</label><p>Antennae shorter, flagellae never exceeding twice the length of scape+pedicel; males with narrowly dichoptic eyes, lower frons width less than that of ocellar tubercle &#x2026;&#x2026;&#x2026;&#x2026;&#x2026;&#x2026;&#x2026;&#x2026;&#x2026;&#x2026;&#x2026;&#x2026;&#x2026;&#x2026;&#x2026;&#x2026;&#x2026;&#x2026;&#x2026;&#x2026;&#x2026;&#x2026;&#x2026;&#x2026;&#x2026;&#x2026;&#x2026;&#x2026;&#x2026;&#x2026;&#x2026;&#x2026;2</p></list-item></list></p></list-item>
<list-item><label>2.</label><p>Thorax with dull purple anterior half, sharply contrasting greenish gold posterior half; legs dark brown to black; abdomen elongate, about 1.7 times as long as wide; Qld (<xref ref-type="fig" rid="F9">Fig. 9</xref>)&#x2026;&#x2026;&#x2026;&#x2026;&#x2026;&#x2026;&#x2026;&#x2026;&#x2026;&#x2026;&#x2026;&#x2026;&#x2026;&#x2026;. <italic>purprasina</italic> Lessard &#x0026; Woodley <bold>sp.n.</bold>
<list list-type="simple">
<list-item><label>&#x2012;</label><p>Thorax concolorous, usually bluish green, golden or coppery red; legs yellowish; abdomen ovoid, about 1.25 times as long as wide&#x2026;&#x2026;&#x2026;&#x2026;..&#x2026;&#x2026;&#x2026;&#x2026;.&#x2026;&#x2026;&#x2026;&#x2026;&#x2026;&#x2026;&#x2026;.&#x2026;&#x2026;&#x2026;.&#x2026;&#x2026;&#x2026;&#x2026;&#x2026;&#x2026;&#x2026;&#x2026;&#x2026;&#x2026;&#x2026; 3</p></list-item></list></p></list-item>
<list-item><label>3.</label><p>Eyes in males almost touching, separated by less than the width of anterior ocellus, with short, hair-like setae that are less than width of antennal flagellae; females with relatively wide frons (index 1.5) with margins almost parallel; abdomen with bright purplish hues at anteromedial centre, reddish laterally; Kangaroo Island, SA (<xref ref-type="fig" rid="F10">Figs 10</xref> and <xref ref-type="fig" rid="F11">11</xref>).&#x2026;&#x2026;&#x2026;&#x2026;&#x2026;&#x2026;&#x2026;&#x2026;&#x2026;&#x2026;&#x2026;.&#x2026; <italic>ottensorum</italic> Lessard &#x0026; Woodley, <bold>sp.n.</bold>
<list list-type="simple">
<list-item><label>&#x2012;</label><p>Eyes in males distinctly separated by more than the width of anterior ocellus, with long, hair-like setae that are equal to width of antennal flagellae; females with relatively narrow frons (index 1.9&#x2013;2.3), margins converging ventrally; abdomen not as above, usually coppery red or gold to green. Mainland Australia and/or Tas&#x2026;&#x2026;&#x2026;&#x2026;&#x2026;&#x2026;&#x2026;&#x2026;&#x2026;&#x2026;&#x2026;&#x2026;&#x2026;&#x2026;&#x2026;&#x2026;&#x2026;&#x2026;&#x2026;&#x2026;&#x2026;&#x2026;.&#x2026;&#x2026; 4</p></list-item></list></p></list-item>
<list-item><label>4.</label><p>Thorax and abdomen brilliant golden green; abdomen relatively short and wide, 0.8 times as long as wide; WA (<xref ref-type="fig" rid="F13">Fig. 13</xref>)&#x2026;&#x2026;&#x2026;&#x2026;&#x2026;&#x2026;.&#x2026;&#x2026;&#x2026;&#x2026;&#x2026;&#x2026;&#x2026;.&#x2026; &#x2026;&#x2026;&#x2026;&#x2026;&#x2026;&#x2026;&#x2026;&#x2026;&#x2026;&#x2026;&#x2026;&#x2026;&#x2026;&#x2026;&#x2026;&#x2026;&#x2026;&#x2026;<italic>kalbarriensis</italic> Lessard &#x0026; Woodley <bold>sp.n.</bold>
<list list-type="simple">
<list-item><label>&#x2012;</label><p>Thorax and abdomen with shades of blue, purple or copper; abdomen slender, elongate, more than 1.1 times as long as wide&#x2026;&#x2026;&#x2026;&#x2026;&#x2026;&#x2026;&#x2026;&#x2026;&#x2026;&#x2026;&#x2026;. 5</p></list-item></list></p></list-item>
<list-item><label>5.</label><p>Abdomen with a distinct black medial zone; WA (<xref ref-type="fig" rid="F14">Figs 14</xref> and <xref ref-type="fig" rid="F15">15</xref>)&#x2026;&#x2026;&#x2026;&#x2026;&#x2026;&#x2026;&#x2026;&#x2026;&#x2026;&#x2026;&#x2026;&#x2026;&#x2026;&#x2026;&#x2026;&#x2026;. <italic>nigricentralis</italic> Lessard &#x0026; Woodley <bold>sp.n.</bold>
<list list-type="simple">
<list-item><label>&#x2012;</label><p>Abdomen concolorous, without distinct black markings&#x2026;&#x2026;&#x2026;&#x2026;&#x2026;&#x2026;&#x2026;&#x2026;&#x2026;6</p></list-item>
</list></p></list-item>
<list-item><label>6.</label><p>Antennal flagellae black; legs mostly dark brown, with wide, contrasting yellow femoral-tibial joints; <sc>nt</sc> (<xref ref-type="fig" rid="F16">Figs 16</xref> and <xref ref-type="fig" rid="F17">17</xref>)&#x2026;&#x2026;&#x2026;&#x2026;&#x2026;&#x2026;&#x2026;&#x2026;&#x2026;&#x2026;&#x2026;&#x2026;&#x2026;&#x2026;&#x2026;&#x2026;&#x2026;&#x2026;&#x2026;&#x2026;&#x2026;&#x2026;&#x2026;&#x2026;&#x2026;&#x2026;&#x2026;&#x2026;&#x2026; <italic>alicespringsensis</italic> Lessard &#x0026; Woodley <bold>sp.n.</bold>
<list list-type="simple">
<list-item><label>&#x2012;</label><p>Antennal flagellae yellowish brown; legs concolorous yellowish; south-eastern Australia and Tas&#x2026;&#x2026;&#x2026;&#x2026;&#x2026;&#x2026;&#x2026;&#x2026;&#x2026;&#x2026;&#x2026;&#x2026;&#x2026;&#x2026;&#x2026;&#x2026;&#x2026;&#x2026;&#x2026;.&#x2026;&#x2026;&#x2026;&#x2026;&#x2026;&#x2026;&#x2026;7</p></list-item>
</list></p></list-item>
<list-item><label>7.</label><p>Thorax bluish green, usually contrasting with copper to golden abdomen; legs with dark brown coxae, contrasting pale yellowish brown femora, tibiae and tarsomeres; males with relatively wide frons, width at anterior ocellus about twice the width of ocellar tubercle, lower frons wider than anterior ocellus (<xref ref-type="fig" rid="F5">Figs 5</xref>&#x2013;<xref ref-type="fig" rid="F8">8</xref>)&#x2026;&#x2026;&#x2026;&#x2026;..&#x2026;&#x2026;&#x2026;&#x2026;&#x2026;&#x2026;&#x2026;&#x2026;&#x2026;&#x2026;&#x2026;&#x2026;&#x2026;&#x2026;&#x2026;&#x2026;&#x2026;&#x2026;&#x2026;.&#x2026; <italic>quinquecella</italic> (<xref ref-type="bibr" rid="R000013">Macquart, 1846</xref>)
<list list-type="simple">
<list-item><label>&#x2012;</label><p>Thorax and abdomen almost concolorous dull copper to purplish; legs, including coxae, concolorous pale yellowish brown; males with narrow frons, width at anterior ocellus about equal to width of ocellar tubercle, lower frons almost contiguous, eyes separated by less than width of anterior ocellus (<xref ref-type="fig" rid="F2">Figs 2</xref>&#x2013;<xref ref-type="fig" rid="F4">4</xref>)&#x2026;&#x2026;&#x2026;&#x2026;&#x2026;&#x2026;&#x2026;&#x2026;&#x2026;&#x2026;&#x2026;&#x2026;&#x2026;&#x2026;&#x2026;&#x2026;&#x2026;&#x2026;&#x2026;&#x2026;&#x2026;&#x2026;&#x2026;&#x2026;&#x2026;&#x2026;&#x2026;&#x2026;&#x2026;&#x2026; <italic>parvidentata</italic> (<xref ref-type="bibr" rid="R000014">Macquart, 1850</xref>)</p></list-item>
</list></p></list-item></list></p>
<sec id="s7" sec-type="heading-2"><title><italic>Antissella parvidentata</italic> <xref ref-type="bibr" rid="R000014">Macquart, 1850</xref></title>
<p>(<xref ref-type="fig" rid="F2">Figs 2</xref>&#x2013;<xref ref-type="fig" rid="F4">4</xref>)</p>
<p><italic>Type material examined.</italic> Holotype &#x2640;, <italic>Beris parvidentata</italic> <xref ref-type="bibr" rid="R000014">Macquart, 1850</xref>: 344, &#x201C;<italic>Beris/parvidentata/</italic>&#x2640;. Macq. n. sp./Tasm&#x201D;; &#x201C;3 [over] 47&#x201D; [<sc>mnhn</sc>; <xref ref-type="fig" rid="F2">Fig. 2</xref>]. In poor condition.</p>
<p><italic>Diagnosis.</italic> A dull metallic coppery purple species with yellow legs, similar to <italic>A. quinquecella</italic>, but distinguished by the legs including coxae concolorous pale yellowish brown, and thorax and abdomen concolorous dull coppery purple, usually without any obvious bluish reflections. Males with relatively narrow frons, width at anterior ocellus about the same width of ocellar tubercle, and lower frons almost contiguous, less than width of anterior ocellus, with a medial, almost linear tuft of dense white hair-like setae.</p>
<p><italic>Redescription.</italic> Length 6&#x2013;8.5&#x2009;mm. <italic>Male.</italic> Length 6.5&#x2013;7.5&#x2009;mm. Head: Eyes almost contiguous at lower frons, separated by less than the width of anterior ocellus, with moderately long, dense, pale brownish hair-like setae. Occiput black, with subtle greenish blue and coppery red reflections, hair-like setae brownish black on upper half, whitish on lower half. Frons narrow, less than the width of ocellar tubercle at anterior ocellus, upper frons shining black, with long, dense blackish hair-like setae, lower frons covered in a long, dense, almost linear tuft of white hair-like setae. Face black, subshining, with long, dense white setae. Antennal scapes and pedicels yellowish brown, pedicels about 1.1&#x2013;1.3 times as long as scapes, hair-like setae short, dense black; flagellae dark brown, becoming paler yellowish brown on inner surface. Palpi dark brown to black, with long, dense, dark brown to black hair-like setae. Proboscis black with predominantly pale brown hair-like setae.</p>
<p>Thorax: Scutum with reflections of dull, predominantly coppery reddish to purple, occasionally with additional subtle greenish or golden reflections, hair-like setae long, erect, predominantly white, slightly more yellowish on dorsal surface; scutellum same colour and hair-like setae as scutum; pleura same colour as scutum, hair-like setae whitish. Legs with coxae yellowish brown with white hair-like setae; femora, tibiae and tarsomeres concolorous pale yellowish brown, darkening slightly on apical tarsi, hair-like setae white, more erect on femora. Wings hyaline to slightly yellowish; stigma yellowish; veins pale yellowish brown; vein <italic>M</italic><sub>3</sub> terminating two thirds distance to wing margin; halteres cream to brown, slightly darker on stem.</p>
<p>Abdomen: Same colour as scutum, hair-like setae pale yellowish to white, short and appressed on cuticular surface, becoming longer and more erect laterally. Sternites same colour as tergites, hair-like setae short, appressed, white.</p>
<p><italic>Female.</italic> Length 6&#x2013;8.5&#x2009;mm. Similar to male, but with the following differences: eyes with shorter hair-like brown setae; frons relatively narrow (index 1.8&#x2013;2.7), margins parallel-sided, only slightly converging ventrally, cuticular surface shining, with reflections of coppery red, with patches of dense, moderately long, white hair-like setae at lateral margins of middle half of frons, bare elsewhere; thorax with shorter, dense, appressed hair-like setae; cerci yellowish brown, second segment elongate ovoid, about equal in length to first segment, with moderately long yellowish hair-like setae.</p>
<p><italic>Distribution.</italic> This species overlaps in distribution with <italic>A. quinquecella</italic>, occurring throughout <sc>act</sc>, NSW, Tas and Vic (<xref ref-type="fig" rid="F1">Fig. 1</xref>).</p>
<p><italic>Remarks.</italic> Namadgi National Park, <sc>act</sc>, was severely burned in the recent 2019/2020 summer bushfires which may have impacted local populations of <italic>A. parvidentata</italic> and <italic>A. quinquecella</italic> that co-occur in the region.</p>
</sec>
<sec id="s8" sec-type="heading-2"><title><italic>Antissella quinquecella</italic> <xref ref-type="bibr" rid="R000013">Macquart, 1846</xref></title>
<p>(<xref ref-type="fig" rid="F5">Figs 5</xref>&#x2013;<xref ref-type="fig" rid="F8">8</xref>)</p>
<p><italic>Type material examined.</italic> Lectotype &#x2640;, <italic>Beris quinquecella</italic> <xref ref-type="bibr" rid="R000013">Macquart, 1846</xref>: 175, &#x201C;Beris/5.cella/Macq. n. sp.&#x201D;; &#x201C;74&#x201D;; &#x201C;13 [over] 44&#x201D; [<sc>mnhn</sc>; <xref ref-type="fig" rid="F5">Fig. 5</xref>]. In poor condition, antennal flagellae present. Originally a syntype, hereby designated as the lectotype.</p>
<p>Paralectotype &#x2640;, <italic>Beris quinquecella</italic> <xref ref-type="bibr" rid="R000013">Macquart, 1846</xref>: 175, same label information as Lectotype, being mounted together on a larger block of pith [<sc>mnhn</sc>; <xref ref-type="fig" rid="F6">Fig. 6</xref>]. In poor condition, antennal flagellae missing. Originally a syntype, hereby designated as the paralectotype.</p>
<p><italic>Diagnosis.</italic> A brilliant shining bluish green and coppery gold species, similar to <italic>A. parvidentata</italic>, but distinguished by the bluish green thorax, usually contrasting golden and copper abdomen, and legs with dark brown coxae, contrasting pale yellowish remaining segments. Males with relatively wide frons, width at anterior ocellus about twice the width of ocellar tubercle, lower frons wider than anterior ocellus, with lateral tufts of sparser white hair-like setae along eye margins.</p>
<p><italic>Redescription.</italic> Length 6.5&#x2013;8.5&#x2009;mm. <italic>Male.</italic> Length 6.5&#x2013;8.5&#x2009;mm. Head: Eyes separated by more than the width of anterior ocellus, with long, dense brown hair-like setae. Occiput black with predominantly bluish purple reflections, hair-like setae black dorsally, white ventrally. Frons relatively wide, wider than ocellar tubercle at anterior ocellus, upper frons black, shining, with slight reflections of greenish blue, with long, dense, blackish hair-like setae, lower frons with lateral tufts of whitish hair like setae along eye margins, relatively bare in between (most visible in dorsal view). Face black, subshining, with long, dense, white hair-like setae. Antennal scapes and pedicels pale yellowish brown, pedicels relatively short, about 0.75&#x2013;1.0 times as long as scapes, both segments with dense, relatively long black hair-like setae; flagellae brown, slightly paler brown along inner surface. Palpi black, with long, dense, brown and black hair-like setae. Proboscis black with dark brown and black hair-like setae.</p>
<p>Thorax: Scutum with predominantly blue or greenish gold reflections, occasionally coppery red, hair-like setae long, erect, pale yellow, with small patches of more appressed whitish sublateral vittae at anterior edge; scutellum same colour as scutum, reflections often deeper bluish green, hair-like setae predominately yellowish; pleura black, with dull, more subtle reflections of blue, purple, greenish gold or coppery red, hair-like setae long, dense, whitish. Legs with coxae dark brown, with long, dense, whitish hair-like setae; femora, tibiae and tarsomeres yellowish brown, hair-like setae white, usually longer on femora. Wings hyaline, slightly smoky brown; stigma yellowish; veins yellowish brown; vein <italic>M</italic><sub>3</sub> terminating two thirds distance to wing margin; halteres pale yellowish brown, darker on stem.</p>
<p>Abdomen: Shining, with reflections of bright coppery red, green and gold, occasionally bluish purple, hair-like setae pale yellow, short, appressed on cuticular surface, erect, long at lateral margins. Sternites same colour as tergites, hair-like setae usually white at centre of sternites 1&#x2013;3, yellow elsewhere.</p>
<p><italic>Female.</italic> Length 6.5&#x2013;8&#x2009;mm. Similar to male, but with the following differences: frons relatively narrow (index 2&#x2013;3.1), margins parallel-sided, converging ventrally, cuticular surface shining black, with subtle reflections of bluish green or coppery red, with patches of dense, moderately long, white hair-like setae at lateral margins of middle half of frons, bare elsewhere; thorax with shorter, more appressed hair-like setae; cerci yellowish brown, second segment elongate ovoid, about equal in length to first segment, with moderately long yellowish hair-like setae.</p>
<p><italic>Distribution.</italic> Widespread throughout south eastern Australia, ranging from southeast Qld, to coastal NSW, <sc>act</sc>, Vic and Tas (<xref ref-type="fig" rid="F1">Fig. 1</xref>).</p>
<p><italic>Remarks.</italic> Historically, there was some doubt as to the placement of <italic>A. quinquecella</italic>. The species was first described in the beridine genus <italic>Beris</italic> Latreille, 1802 (<xref ref-type="bibr" rid="R000013">Macquart 1846</xref>). It was unrecognised by White (<xref ref-type="bibr" rid="R000020">1914</xref>, <xref ref-type="bibr" rid="R000021">1916</xref>) in the description of <italic>Antissella</italic>, perhaps because he did not have access to the type material. Hardy (<xref ref-type="bibr" rid="R000003">1920</xref>, <xref ref-type="bibr" rid="R000004">1932</xref>) later transferred <italic>A. quinquecella</italic> to <italic>Lecomyia</italic> and went as far as incorrectly synonymising <italic>Lecomyia caerulea</italic> <xref ref-type="bibr" rid="R000020">White, 1914</xref> under it. More recently, <italic>A. quinquecella</italic> was transferred to <italic>Antissella</italic> by <xref ref-type="bibr" rid="R000022">Woodley (1989: 305)</xref> where it currently remains.</p>
<p>The identification of <italic>A. parvidentata</italic> and <italic>A. quinquecella</italic> has been difficult due to a lack of robust identification keys, accurately identified specimens, thorough descriptions and poor condition of the type specimens. This may be attributed to the degree of overlap in the south eastern geographical distribution (<sc>act</sc>, NSW, Tas and Vic) and brief descriptions provided by Macquart (<xref ref-type="bibr" rid="R000013">1846</xref>, <xref ref-type="bibr" rid="R000014">1850</xref>) who described both species as having coppery red frons, antennal scapes and pedicels brownish, thorax coppery with green hues, scutellum (although not directly mentioned) with very small denticles, abdomen coppery, and wings with five posterior cells present (i.e. cells <italic>r</italic><sub>5</sub> and <italic>m</italic><sub>1</sub>&#x2013;<italic>m</italic><sub>4</sub>). The only discernible difference in Macquart&#x2019;s original descriptions is that the face is black in <italic>A. parvidentata</italic> and coppery violet in <italic>A. quinquecella</italic>. On examination of the types and material held across Australian collections, we can confirm that <italic>A. parvidentata</italic> and <italic>A. quinquecella</italic> are two valid species and can be separated based on the morphological characters presented in the updated key and species diagnoses.</p>
</sec>
<sec id="s9" sec-type="heading-2"><title><italic>Antissella purprasina</italic> Lessard &#x0026; Woodley, sp.n.</title>
<p>(<xref ref-type="fig" rid="F9">Fig. 9</xref>)</p>
<p>ZooBank: <uri xlink:href="http://zoobank.org/610641F7-20A5-45A1-B92F-168E68D69182">http://zoobank.org/610641F7-20A5-45A1-B92F-168E68D69182</uri></p>
<p><italic>Material examined.</italic> Holotype &#x2640;, &#x201C;National Park., Q./H.Hacker./Dec. 1923&#x201D;; &#x201C;<sc>holotype</sc> &#x2640;/<italic>Antissella purprasina</italic> Lessard &#x0026; Woodley 2021&#x201D;; &#x201C;QM Reg. No./T246799&#x201D; [QM]. The specimen is in good condition.</p>
<p>Paratypes: &#x2640;, &#x201C;QLD: 28.192&#x00B0;S X153.124&#x00B0;E/Lamington NP, IBISCA 700B,/9Nov&#x2013;2Dec 2008. Malaise/RF, G.Monteith&#x201D;; &#x201C;<sc>paratype</sc> &#x2640;/<italic>Antissella purprasina</italic> Lessard &#x0026; Woodley 2021&#x201D;; &#x201C;QM Reg. No./T246800&#x201D; [QM]. &#x2640;, &#x201C;QLD: 28.192&#x00B0;S X153.124&#x00B0;E/Lamington NP, IBISCA 700B,/6&#x2013;22Jan 2009. Malaise/RF, G.Monteith&#x201D;; &#x201C;<sc>paratype</sc> &#x2640;/<italic>Antissella purprasina</italic> Lessard &#x0026; Woodley 2021&#x201D;; &#x201C;QM Reg. No./T246801&#x201D; [QM]. &#x2640;, &#x201C;QLD: 28.193&#x00B0;S X153.128&#x00B0;E/Lamington NP, IBISCA 700c,/9Nov&#x2013;2Dec 2008. Malaise/RF, G.Monteith&#x201D;; &#x201C;<sc>paratype</sc> &#x2640;/<italic>Antissella purprasina</italic> Lessard &#x0026; Woodley 2021&#x201D;; &#x201C;<sc>anic</sc> Database No./29 037463&#x201D; [<sc>anic</sc>, with permission from QM]. These specimens are in excellent condition.</p>
<p><italic>Diagnosis.</italic> An elongate green and black species, most similar to <italic>A. parvidentata</italic>, but distinguished by the slender, elongate abdomen, 1.7 times as long as wide, scutum with anterior half black with purple reflections, sharply contrasting with the posterior half with deep green reflections and dense golden hair-like setae, legs with black femora and tibiae, and abdomen black without obvious metallic reflections.</p>
<p><italic>Description. Male.</italic> Unknown. <italic>Female</italic>. Length 8.5&#x2013;11.5&#x2009;mm. Head: Eyes covered in short, brown hair-like setae. Occiput black, hair-like setae pale yellowish brown dorsomedially, becoming black laterally. Frons narrow (index 1.9), margins almost parallel-sided, cuticular surface shining black, with relatively sparse, whitish hair-like setae. Face shining black, with white hair-like setae. Antennal scapes and pedicels pale yellowish brown, with short, brown hair-like setae; flagellae slightly yellowish brown, slightly paler on inner surface. Palpi dark brown to black, with long, black hair-like setae. Proboscis dark brown to black, with dark brown hair-like setae.</p>
<p>Thorax: Scutum shining purple in front of transverse suture, with short, dense, appressed, brown hair-like setae, shining green behind transverse suture, with dense, short, golden hair-like setae; scutellum shining green, with short, dense, predominantly appressed, golden hair-like setae, with four marginal denticles; pleura predominantly black, with subtle reflections of bluish green, hair-like setae white. Legs with coxae dark brown to black, with whitish hair-like setae; femora and tibiae dark brown to black, with basal area of femora yellowish, hair-like setae white; tibiae yellowish brown, paler on mid legs, hair-like setae white on outer surface and golden brown on inner surface. Wings slightly smoky brown to hyaline, with a subtle brown infuscation on the apical third of cell <italic>br</italic>; stigma yellowish; <italic>M</italic><sub>3</sub> terminating two thirds distance to margin; halteres pale yellowish brown.</p>
<p>Abdomen: Elongate, about 1.7 times as long as wide, dull dark brown, without obvious colourful metallic reflections, hair-like setae predominantly short, appressed, dark brown, with white slightly longer, erect, white hair-like setae at lateral margins of tergites 1&#x2013;3. Sternites same colour as tergites, hair-like setae short, appressed, white, becoming darker brown apically, sternite 2 with a distinct medial undulation, and sternite 5 with a posteroventrally pointed medial process. Cerci dark brown to black, with mixed dark brown and yellowish brown setae, second segment long, narrow and elongate, about 5 times as long as wide.</p>
<p><italic>Etymology.</italic> This specific name is derived from the Latin, <italic>purpre</italic>, purple, and <italic>prasinus</italic>, green, referring to the contrasting purple and green thorax.</p>
<p><italic>Remarks.</italic> This species overlaps in distribution with <italic>A. quinquecella</italic>, both occurring from Binna Burra, Lamington <sc>np</sc> (ANIC 29-037387). The species shares the posteroventrally pointed medial process on sternite 5 also found in two undescribed species of <italic>Lecomyia</italic> from the Blue Mountains, NSW, and Main Range <sc>np</sc>, Qld, respectively, although it can be easily separated from <italic>Lecomyia</italic> by the scutellum without distinct marginal spines. The type locality of Lamington National Park was badly burned in the 2019/2020 spring and summer Australian bushfires.</p>
<p><italic>Distribution.</italic> Known only from the type location of Lamington National Park, <sc>se</sc> Qld (<xref ref-type="fig" rid="F1">Fig. 1</xref>).</p>
</sec>
<sec id="s10" sec-type="heading-2"><title><italic>Antissella ottensorum</italic> Lessard &#x0026; Woodley, sp.n.</title>
<p>(<xref ref-type="fig" rid="F10">Figs 10</xref> &#x0026; <xref ref-type="fig" rid="F11">11</xref>)</p>
<p>ZooBank: <uri xlink:href="http://zoobank.org/99906CAC-CE87-482D-8E09-50D147CF8D0D">http://zoobank.org/99906CAC-CE87-482D-8E09-50D147CF8D0D</uri></p>
<p><italic>Material examined.</italic> Holotype &#x2642;, &#x201C;S. Aust., Boobook Hill/Reserve, <sc>se</sc> Kangaroo Is./21-Mar-2008 R. Glatz/9176&#x201D;; &#x201C;Quick flight around/foliage before landing on/it. One specimen on <italic>Correa backhousiana</italic>: one specimen on <italic>Choretrum glomeratum</italic>/9176&#x201D;; &#x201C;<sc>holotype</sc> &#x2642;/<italic>Antissella ottensorum</italic> Lessard &#x0026; Woodley 2021&#x201D;; [originally <sc>rgc</sc>, now deposited in SAMA 29-005719]. The specimen is in excellent condition.</p>
<p>Paratypes: &#x2642;, same data as Holotype (on same pin as Holotype, bottom); &#x201C;<sc>paratype</sc> &#x2642;/<italic>Antissella ottensorum</italic> Lessard &#x0026; Woodley 2021&#x201D;; [RGC 9176]. &#x2642;, &#x201C;S. Aust., Boobook Hill/Reserve, <sc>se</sc> Kangaroo Is./4-Apr-2007 R.V. Glatz/35&#x00B0;50.628S/137&#x00B0;56.896E 6231&#x201D;; &#x201C;<sc>paratype</sc> &#x2642;/<italic>Antissella ottensorum</italic> Lessard &#x0026; Woodley 2021&#x201D;; [RGC 6231]. &#x2642;, &#x201C;S. Aust. Boobook Hill/Reserve, <sc>se</sc> Kangaroo Is./27-Nov-2005 R.V. Glatz net/3935&#x201D;; &#x201C;On (or near) blossom of/<italic>Eucalyptus rugosa</italic> sp 3935&#x201D;; &#x201C;<sc>paratype</sc> &#x2642;/<italic>Antissella ottensorum</italic> Lessard &#x0026; Woodley 2021&#x201D;; [originally <sc>rgc</sc>, now SAMA 29-005720]. &#x2642;, &#x201C;S. Aust., house site at Lot 51/Three Chain Rd., ~6km W/D&#x2019;Estrees Bay, ~1km W/Elsegood Rd., <sc>se</sc> Kangaroo Is./12-Mar-2013 R.V. Glatz/35&#x00B0;54.620&#x2019;S/137&#x00B0;33.018&#x2019;E 13273&#x201D;; &#x201C;To metal halide light 13273&#x201D;; &#x201C;<sc>paratype</sc> &#x2642;/<italic>Antissella ottensorum</italic> Lessard &#x0026; Woodley 2021&#x201D;; &#x201C;ANIC Database No./29 037468&#x201D; [ANIC, with permission from R. Glatz]. &#x2640;, Same data as previous (on same pin, top); &#x201C;PARATYPE &#x2640;/<italic>Antissella ottensorum</italic> Lessard &#x0026; Woodley 2021&#x201D;; [ANIC, with permission from R. Glatz]. &#x2640;, &#x201C;S. Aust., Boobook Hill/Reserve, <sc>se</sc> Kangaroo Is./17-Mar-2008 R.V. Glatz/35&#x00B0;50.628S/137&#x00B0;56.896E 9143&#x201D;; &#x201C;To black <sc>uv</sc> light&#x201D;; &#x201C;<sc>paratype</sc> &#x2640;/<italic>Antissella ottensorum</italic> Lessard &#x0026; Woodley 2021&#x201D;; [originally <sc>rgc</sc>, now SAMA 29-005721]. These specimens are in excellent condition.</p>
<p><italic>Diagnosis.</italic> A dark coppery red species, distinguished from <italic>A. parvidentata</italic> by the smaller size, deep golden to coppery red thorax, relatively more purplish abdomen, and eyes of males close to touching at ventral half of frons, with short hair-like setae that are less than the length of antennal scapes.</p>
<p><italic>Description.</italic> Length 6&#x2013;7&#x2009;mm. <italic>Male.</italic> Length 6.5&#x2009;mm. Head: Eyes with moderately dense, short brownish hair-like setae. Occiput dark coppery to green, with relatively dense brown hair-like setae on dorsal ridge, remainder with longer, whitish hair-like setae. Frons shining black, dorsal half bare, lower frons covered in relatively long, dense, whitish hair-like setae. Face black, covered in slight tomentum, with relatively dense, long, whitish setae. Antennae with scapes and pedicels yellowish brown, with short, black hair-like setae; flagellae black, with black tomentum, yellowish brown on the inner surface of basal flagellomeres. Palpi with both segments dark brown to black, slender, cylindrical, second segment slightly pointed at tip, with relatively dense, long, dark brown hair-like setae. Proboscis brown to black, with long, brown hair-like setae.</p>
<p>Thorax: Deep coppery red with greenish golden reflections at lateral margins, with relatively dense, appressed and longer erect, pale golden yellow hair-like setae; scutellum same colour as scutum, broad, with appressed and longer erect, pale golden yellow hair-like setae; pleura same colour as scutum, shining, with pale yellowish to white hair-like setae. Legs with coxae yellow to golden brown, with pale yellowish to white hair-like setae; femora yellow to golden brown, with yellowish hair-like setae; tibiae and tarsi yellowish to golden brown, somewhat paler at joints, tarsomeres darkening apically, with short, yellowish hair-like setae, occasionally darker brown dorsally on hind tarsi. Wings hyaline to slightly greyish brown, with brown infuscation on cell <italic>br</italic>; stigma yellowish brown; veins olive brown; vein <italic>M</italic><sub>3</sub> terminating two thirds distance to wing margin; halteres pale yellowish brown, stem slightly paler.</p>
<p>Abdomen: Deep coppery red with slight purple and greenish reflections, with short, appressed, whitish gold hair-like setae, longer and more erect along lateral margins of all tergites, most distinct on tergite 2. Sternites same colour as tergites, with short, relatively dense, appressed, whitish gold hair-like setae. Terminalia: gonocoxites wider than long, posterior margin of synsternite with medial processes separated by a wide, moderately deep concave emargination, gonocoxal apodemes elongate and slender, extending beyond anterior margin of gonocoxites, tapering anteriorly; phallic complex long, exceeding length of genital capsule, all three lobes of moderate thickness, medial lobe expanded posteriorly, parameral sheath relatively slender, gently curving inwards posteriorly; epandrium relatively narrow, tapering anteriorly, cerci moderately rounded posteriorly, long, slightly exceeding length of proctiger which is triangular.</p>
<p><italic>Female.</italic> Length 6&#x2013;7&#x2009;mm. Similar to male, but with the following differences: frons relatively narrow (index 2.3&#x2013;2.4), margins almost parallel, slightly converging ventrally, cuticular surface shining, black, relatively bare, with short, dense, silvery white hair-like setae at lateral margins of middle half of frons; palpi pale brown, with dense, relatively long, whitish setae; thorax with short, more appressed and fewer erect, pale golden yellow hair-like setae; abdomen less dorsoventrally compressed than males, with sparser, appressed, whitish gold hair-like setae; cerci yellowish brown, second segment ovoid, about 1.6 times as long as wide, shorter than first segment, with moderately long, relatively dense, yellowish brown hair-like setae.</p>
<p><italic>Distribution.</italic> Found only on Kangaroo Island, SA (<xref ref-type="fig" rid="F1">Fig. 1</xref>).</p>
<p><italic>Etymology.</italic> This specific name is in honour of Jack Ottens and his family.</p>
<p><italic>Biology.</italic> This species is associated with vegetation, as specimens have been collected from native plants, including <italic>Correa backhousiana, Choretrum glomeratum</italic> and <italic>Eucalyptus rugosa</italic>.</p>
<p><italic>Remarks.</italic> One specimen from Boobook Hill Reserve (RGC 3935) is deeper purple in colouration, with a more robust and convex thorax, concolorous black antennae, and with darker black hind tarsomeres. This is currently interpreted as intraspecific variation.</p>
</sec>
<sec id="s11" sec-type="heading-2"><title><italic>Antissella elongata</italic> Lessard &#x0026; Woodley, sp.n.</title>
<p>(<xref ref-type="fig" rid="F12">Fig. 12</xref>)</p>
<p>ZooBank: <uri xlink:href="http://zoobank.org/60AB8415-5DAD-4FBE-B5CF-6AFDFC10EA96">http://zoobank.org/60AB8415-5DAD-4FBE-B5CF-6AFDFC10EA96</uri></p>
<p><italic>Material examined.</italic> Holotype &#x2642;, &#x201C;25.46S 133.17E/8 km N of Kulgera,/NT 21 Sept. 1978/J.C.Cardale&#x201D;; &#x201C;<sc>holotype</sc> &#x2642;/<italic>Antissella elongata</italic> Lessard &#x0026; Woodley 2021&#x201D;; &#x201C;ANIC Database No./29 037440&#x201D; [ANIC]. The specimen is in good condition.</p>
<p><italic>Diagnosis.</italic> A slender black species, distinguished from all other species in the genus by the extremely long antennae with flagellae that are more than 3 times the length of the scape+pedicel and males with widely dichoptic eyes with frons as wide as ocellar tubercle (index 1.8)</p>
<p><italic>Description. Male.</italic> Length 5&#x2009;mm. Head: Eyes covered in short, relatively sparse, whitish hair-like setae, less than width of antennal scapes, widely dichoptic. Occiput relatively wide and obvious, visible in dorsal view, cuticular surface black with reflections of golden green, hair-like setae dense, moderately long silvery white. Frons relatively wide (index 1.8), margins converging below, cuticular surface black with reflections of golden green, hair-like setae dense, moderately long, silvery white. Face black, with golden to green reflections, tomentose, with a linear bare medial area, hair-like setae long, dense, silvery white, most obvious at centre immediately below antennae and above oral margin. Antennal scapes and pedicels dark brown to black, with short, dense, black hair-like setae, scapes about 1.25 times as long as pedicels; flagellae long, 3.5 times as long as scape+pedicel, dark brown to black, paler on inner surface, flagellomeres 2 and above covered in pale tomentum and small, dense, whitish, irregular circular markings that are presumably sensory areas. Palpi brown, with dense, relatively long brown hair-like setae, second segment only half the length of first, relatively tapered apically. Proboscis black, with pale brown labellum, with dark brown hair-like setae.</p>
<p>Thorax: Scutum black, with subtle reflections of blue, golden green, copper and purple, hair-like setae long, dense, silvery white; scutellum with colour and hair-like setae as on scutum, armed with eight marginal denticles; pleura black, with subtle reflections of golden green, hair-like setae long, dense, silvery white. Legs with coxae dark brown with long white hair-like setae; femora brown, paler yellowish towards joints, hair-like setae pale yellowish; tibiae brown with yellowish hair-like setae; tarsomeres yellowish brown, darkening apically on each leg, hair-like setae dense, short, mixed brown and yellowish. Wings hyaline; stigma pale brown; veins brown; <italic>M</italic><sub>3</sub> terminating half distance to wing margin; halteres pale yellowish white, stem darker.</p>
<p>Abdomen: Black with subtle reflections of bluish to greenish gold, hair-like setae short, appressed, black, with longer, erect white hair-like setae at lateral margins. Sternites same colour and reflections as tergites, hair-like setae moderately long, dense, white. Terminalia: externally protruding in specimen: gonostyli with ventral margin slightly curved inwards, apical margin slightly tapering, but blunted apically; gonocoxites wider than long, posterior margin of synsternite with semi-triangular medial processes, longer than wide, separated by a deep concave emargination; phallic complex long, exceeding length of genital capsule, medial lobe cylindrical; cerci relatively short, rounded posteriorly, in line with triangular proctiger, which is slightly rounded posteriorly.</p>
<p><italic>Female</italic>. Unknown.</p>
<p><italic>Distribution</italic>. Known only from the type locality of the Kulgera region, central <sc>nt</sc> (<xref ref-type="fig" rid="F1">Fig. 1</xref>).</p>
<p><italic>Etymology.</italic> This specific name is derived from the Latin, <italic>elongatus</italic>, prolonged, referring to the distinct elongated antennae.</p>
</sec>
<sec id="s12" sec-type="heading-2"><title><italic>Antissella kalbarriensis</italic> Lessard &#x0026; Woodley, sp.n.</title>
<p>(<xref ref-type="fig" rid="F13">Fig. 13</xref>)</p>
<p>ZooBank: <uri xlink:href="http://zoobank.org/C62BBE0F-BA5A-4389-9F79-2982BD3A07A9">http://zoobank.org/C62BBE0F-BA5A-4389-9F79-2982BD3A07A9</uri></p>
<p><italic>Material examined.</italic> Holotype &#x2640;, &#x201C;Kalbarri Gabba/Gabba Gully Rd/ 17 Sep 1981 WA/L.P. Kelsey/(On heath)&#x201D;; &#x201C;<sc>holotype</sc> &#x2640;/<italic>Antissella kalbarriensis</italic> Lessard &#x0026; Woodley 2021&#x201D;; &#x201C;ANIC Database No./29 037441&#x201D; [ANIC]. The specimen is in excellent condition.</p>
<p>Paratype: &#x2640;, &#x201C;Kalbarri W.A/(Shore road)/21 Sep 1981/L.P. Kelsey/(Heath/dunes)&#x201D;; &#x201C;<sc>paratype</sc> &#x2640;/<italic>Antissella kalbarriensis</italic> Lessard &#x0026; Woodley 2021&#x201D;; &#x201C;ANIC Database No./29 037442&#x201D; [ANIC]. The specimen is in excellent condition.</p>
<p><italic>Diagnosis.</italic> A brilliant green species, distinguished from <italic>A. parvidentata</italic> and <italic>A. quinquecella</italic> by the black antennal scapes and pedicels, and all other species by the thorax and abdomen without black, purple or copper colouration, and shorter, broader abdomen that is about 0.8 times as long as wide.</p>
<p><italic>Description. Male.</italic> Unknown. <italic>Female.</italic> Length 5.5&#x2013;6&#x2009;mm. Head: Eyes covered in short, moderately dense, brown hair-like setae. Occiput shining golden green, hair-like setae whitish. Frons wide (index 1.9), margins slightly converging ventrally, cuticular surface with reflections of golden green, hair-like setae dense, moderately long, white. Face with reflections of green to coppery gold, hair-like setae long, dense, silvery white. Antennal scapes and pedicels black, with short, black hair-like setae; flagellae brown, darkening black apically, paler on inner surface. Palpi brown, second segment paler yellow brown, hair-like setae moderately long, dense, brown. Proboscis brown, with pale brown hair-like setae.</p>
<p>Thorax: Scutum with brilliant reflections of slight bluish to deep golden green, hair-like setae dense, moderately long, whitish; scutellum same colour and vestiture as scutum, armed with 10 marginal denticles; pleura same colour as scutum, with dense, long, white hair-like setae. Legs with coxae brown, with whitish hair-like setae; femora, tibiae and tarsomeres yellow, somewhat darkening on tarsomeres, hair-like setae long white on femora, short yellowish to white on tibiae and tarsomeres. Wings hyaline; stigma yellow; <italic>M</italic><sub>3</sub> terminating three quarters distance to wing margin; halteres pale yellowish white, darker on stem.</p>
<p>Abdomen: Relatively short and broad, about 0.8 times as long as wide, with brilliant reflections of slight bluish to deep golden green, hair-like setae dense, appressed short yellowish to white, becoming longer, more erect towards lateral margins. Sternites same colour as tergites, with moderately long, dense, white hair-like setae. Cerci brown, second segment elongate ovoid, twice as long as wide, with dense, long, brown hair-like setae.</p>
<p><italic>Etymology.</italic> This specific name is derived from the type locality.</p>
<p><italic>Distribution.</italic> Known only from the type locality of Kalbarri, central west coast of WA (<xref ref-type="fig" rid="F1">Fig. 1</xref>).</p>
<p><italic>Remarks.</italic> This species appears to be associated with vegetation, since both types were collected from heath.</p>
</sec>
<sec id="s13" sec-type="heading-2"><title><italic>Antissella nigricentralis</italic> Lessard &#x0026; Woodley sp.n.</title>
<p>(<xref ref-type="fig" rid="F14">Figs 14</xref> &#x0026; <xref ref-type="fig" rid="F15">15</xref>)</p>
<p>ZooBank: <uri xlink:href="http://zoobank.org/3E395B4E-3091-4288-86FE-039E6E55554B">http://zoobank.org/3E395B4E-3091-4288-86FE-039E6E55554B</uri></p>
<p><italic>Material examined.</italic> Holotype &#x2642;, &#x201C;Thomas Riv estuary/Esperance Distr WA/8 Nov. 1977/D.H. Colless/(Malaise Trap)&#x201D;; &#x201C;<sc>holotype</sc> &#x2640;/<italic>Antissella nigricentralis</italic> Lessard &#x0026; Woodley 2021&#x201D;; &#x201C;ANIC Database No./29 037443&#x201D; [ANIC]. The specimen is in excellent condition.</p>
<p>Paratypes: 2&#x2640;, same data as holotype; &#x201C;<sc>paratype</sc> &#x2640;/<italic>Antissella nigricentralis</italic> Lessard &#x0026; Woodley 2021&#x201D;; &#x201C;ANIC Database No./29 037446&#x201D; and &#x201C;ANIC Database No./29 037447&#x201D; [ANIC]. 2&#x2642;, same data as holotype; &#x201C;6 Nov. 1997&#x201D;; &#x201C;<sc>paratype</sc> &#x2640;/<italic>Antissella nigricentralis</italic> Lessard &#x0026; Woodley 2021&#x201D;; &#x201C;ANIC Database No./29 037444&#x201D; and &#x201C;ANIC Database No./29 037445&#x201D; [ANIC]. These specimens are in good condition.</p>
<p><italic>Diagnosis.</italic> A bluish green species with yellowish legs, similar to <italic>A. quinquecella</italic>, but distinguished by the black antennae, and separated from all other species by the abdominal tergites with a distinct, wide black medial zone.</p>
<p><italic>Description.</italic> Length 5.5&#x2013;6&#x2009;mm. <italic>Male.</italic> Length 5.5&#x2013;6&#x2009;mm. Head: Eyes with dense, long, dark brown hair-like setae. Occiput bluish to golden green, hair-like setae long, dense, predominantly black. Frons with cuticular surface black with reflections of golden green, hair-like setae relatively dense, long, brown. Face with reflections of bluish to golden green, hair-like setae dense, long, yellowish white. Antennal scapes and pedicels black, with short, black hair-like setae; flagellae black, slightly paler on inner surface. Palpi black, hair-like setae long, dense, dull whitish on first segment, slightly shorter, black on second segment. Proboscis yellowish to black, hair-like setae dull yellowish white.</p>
<p>Thorax: Deep bluish to golden green, hair-like setae long erect and shorter appressed, dull yellowish, becoming predominantly white at lateral margins; scutellum same colour and vestiture as scutum, armed with 8&#x2013;12 marginal denticles; pleura same colour as scutum, hair-like setae long, dense, pale yellowish white. Legs with coxae dark yellowish brown, with long, dense, whitish hair-like setae; femora and tibiae pale yellow, hair-like setae white; tarsomeres darker brown, with predominantly short, dense, brown hair-like setae. Wings hyaline to slightly greyish brown; stigma yellowish brown; veins dark yellowish brown; <italic>M</italic><sub>3</sub> terminating two thirds distance to wing margin; halteres pale yellow.</p>
<p>Abdomen: Deep bluish to golden green, with a distinct, wide black medial zone on all tergites, approximately half the width of the abdomen, hair-like setae short, appressed, golden on black medial zone, becoming longer, more erect and paler yellowish white on lateral margins of all tergites. Sternites golden green with reflections of blue or copper, hair-like setae long, dense, white. Terminalia: gonostyli relatively wide and quadrate, lateral margins slightly curving inwards posteriorly; gonocoxites almost as wide as long, relatively blunted at tips, posterior margin of synsternite with short medial processes, wider than long, separated by a moderately deep concave emargination, gonocoxal apodemes of moderate length, extending beyond anterior margin of gonocoxites, relatively wide, well rounded anteriorly; phallic complex relatively short, not exceeding length of genital capsule, all three lobes slender, medial lobe cylindrical, parameral sheath relatively slender and straight, slightly diverging posteriorly; epandrium relatively narrow, widest at centre, tapering anteriorly, cerci rounded apically, relatively short, in line with proctiger, which is relatively wide and rounded apically.</p>
<p><italic>Female.</italic> Length 6&#x2009;mm. Similar to male, but with the following differences: frons relatively wide (index 1.5&#x2013;1.7), margins relatively parallel-sided, slightly converging ventrally, cuticular surface with reflections of golden green to copper, hair-like setae relatively spare and sparse, whitish; occiput with shorter, pale yellowish white hair-like setae, becoming longer ventrally; palpi with second segment with black and duller yellowish hair-like setae; legs with paler yellowish tarsomeres; cerci yellowish, second segment elongate ovoid, three times as long as wide, about as long as first, with long, dense, yellowish brown hair-like setae.</p>
<p><italic>Distribution.</italic> Known only from the type locality of Thomas River estuary, southern WA (<xref ref-type="fig" rid="F1">Fig. 1</xref>).</p>
<p><italic>Etymology.</italic> This specific name is derived from the Latin, <italic>nigri</italic>, black, and <italic>centralis</italic>, in the middle, referring to the distinct black medial zone exhibited on the abdominal tergites.</p>
</sec>
<sec id="s14" sec-type="heading-2"><title><italic>Antissella alicespringsensis</italic> Lessard &#x0026; Woodley sp.n.</title>
<p>(<xref ref-type="fig" rid="F16">Figs 16</xref> &#x0026; <xref ref-type="fig" rid="F17">17</xref>)</p>
<p>ZooBank: <uri xlink:href="http://zoobank.org/DCE6F088-27AD-4AB2-8788-E4EC0FFD347D">http://zoobank.org/DCE6F088-27AD-4AB2-8788-E4EC0FFD347D</uri></p>
<p><italic>Material examined.</italic> Holotype: &#x2642;, &#x201C;39 km E of/Alice Springs NT/6 Oct 1978/D.H. Colless/(Euc. Blossom)&#x201D;; &#x201C;<sc>holotype</sc> &#x2642;/<italic>Antissella alicespringsensis</italic> Lessard &#x0026; Woodley 2021&#x201D;; &#x201C;ANIC Database No./29 037448&#x201D; [ANIC]. The specimen is in excellent condition.</p>
<p>Paratypes: &#x2640;, &#x201C;23.59S 133.56E/32 km SbyE of/Alice Springs, NT/23 Sept. 1978/J.C. Cardale&#x201D;; &#x201C;<sc>paratype</sc> &#x2640;/<italic>Antissella alicespringsensis</italic> Lessard &#x0026; Woodley 2021&#x201D;; &#x201C;ANIC Database No./29 037449&#x201D; [ANIC]. &#x2640;, &#x201C;24.49S 133.11E, 17 km S of/M(t) Breaden NT/22 Sept. 1978/J.C. Cardale&#x201D;; &#x201C;<sc>paratype</sc> &#x2640;/<italic>Antissella alicespringsensis</italic> Lessard &#x0026; Woodley 2021&#x201D;; &#x201C;ANIC Database No./29 037450&#x201D; [ANIC]. &#x2642;, &#x201C;23.41S 134.15E/39 km E of/Alice Springs, NT/25 Sept. 1978/J.C. Cardale&#x201D;; &#x201C;<sc>paratype</sc> &#x2642;/<italic>Antissella alicespringsensis</italic> Lessard &#x0026; Woodley 2021&#x201D;; &#x201C;ANIC Database No./29 037451&#x201D; [ANIC]. &#x2640;, same as previous, &#x201C;26 Sept. 1978&#x201D;; &#x201C;<sc>paratype</sc> &#x2640;/<italic>Antissella alicespringsensis</italic> Lessard &#x0026; Woodley 2021&#x201D;; &#x201C;ANIC Database No./29 037453&#x201D; [ANIC]. &#x2642;, &#x201C;30 km NW by W of/Alice Springs NT/7 Oct 1978/D.H. Colless&#x201D;; &#x201C;<sc>paratype</sc> &#x2642;/<italic>Antissella alicespringsensis</italic> Lessard &#x0026; Woodley 2021&#x201D;; &#x201C;ANIC Database No./29 037452&#x201D; [ANIC].</p>
<p><italic>Diagnosis.</italic> A bluish green species with black antennae, similar to <italic>A. nigricentralis</italic>, but distinguished by the palpi with completely black hair-like setae, contrasting yellow and dark brown banded legs, and abdomen without a black medial zone. This species is also distinguished from <italic>A. quinquecella</italic> and <italic>A. parvidentata</italic> by the banded legs and black antennal flagellae.</p>
<p><italic>Description.</italic> Length 5.5&#x2013;7&#x2009;mm. <italic>Male.</italic> Length 5.5&#x2013;7 mm. Head: Hair-like setae moderately long, dense, brown. Occiput with reflections of bluish green, hair-like setae black dorsally, white ventrally. Frons with cuticular surface predominantly black with subtle greenish reflections, hair-like setae long, dense, whitish. Face subshining black, with subtle dull blue reflections, hair-like setae silvery white. Antennal scapes and pedicels black, with short, black hair-like setae; flagellae black, slightly paler on inner surface. Palpi black, both segments with black hair-like setae. Proboscis black with brownish black hair-like setae.</p>
<p>Thorax: Bluish to golden green, hair-like setae predominantly long, erect, white, with a few shorter appressed ones; scutellum same colour and vestiture as scutum, armed with 10&#x2013;12 marginal denticles; pleura same colour as scutum, with dense, long, mostly erect white hair-like setae. Legs with coxae dark brown to black, with dense, long, white hair-like setae; femora banded, dark brown basal areas contrasting paler yellow apical areas, hair-like setae predominantly white; tibiae banded, pale yellow on basal quarter contrasting dark brown apical area, hair-like setae predominantly white; tarsomeres dark brown, hair-like setae predominantly black, with a ventral zone of short golden brown hair-like setae. Wings hyaline; stigma yellowish brown; veins brown; <italic>M</italic><sub>3</sub> terminating two thirds to three quarters distance to wing margin; halteres pale yellowish white, darker brown on stem.</p>
<p>Abdomen: Golden green with reflections of copper, hair-like setae on medial zone dense, short, appressed, black, becoming longer, more erect, white laterally. Sternites more bluish green than tergites, hair-like setae long, dense, white. Terminalia: gonostyli with ventral margin more distinctively curved inwards, posterior margin with a slight posterolateral hook-like barb; gonocoxites elongate, slightly longer than wide, posterior margin of synsternite with medial processes distinctly elongate, longer than wide, rounded apically, separated by a deep concave emargination, gonocoxal apodemes of moderate length, extending beyond margin of gonocoxites, relatively wide, relatively rounded anteriorly; phallic complex relatively short, not exceeding length of genital capsule, all three lobes thick, medial lobe cylindrical, parameral sheath expanded anteriorly, sinuous, diverging posteriorly; epandrium relatively broad, noticeably wide medially, tapering anteriorly, cerci relatively wide, short, in line with proctiger, which is broad, triangular, rounded posteriorly.</p>
<p><italic>Female.</italic> Length 5.5&#x2013;6.5&#x2009;mm. Similar to male, but with the following differences: frons relatively narrow (index 2.2&#x2013;2.3), margins parallel-sided, only slightly converging ventrally, cuticular surface black with reflections of blue or golden green and copper, hair-like setae dense, long, white on lower two thirds; cerci dark brown, second segment elongate ovoid, about three times as long as wide, hair-like setae moderately long, yellowish brown.</p>
<p><italic>Distribution.</italic> Known only from the Alice Springs region, central <sc>nt</sc> (<xref ref-type="fig" rid="F1">Fig. 1</xref>).</p>
<p><italic>Etymology.</italic> This specific name is derived from the collection locality.</p>
<p><italic>Remarks.</italic> There is some degree of morphological variation in the specimens examined. Some female specimens have a deeper blue colouration of the thorax and abdomen than the greener males. One specimen 39 km east of Alice Springs (ANIC 29-037451) has slightly more concolorous pale yellow tibiae than the remaining specimens with banded pale yellow and darker brown tibiae. This is currently interpreted as intraspecific variation. This species appears to be associated with <italic>Eucalyptus</italic>, as the holotype was collected from <italic>Eucalyptus</italic> flowers and may have an unknown role in pollination.</p>
</sec>
</sec>
<sec id="s15" sec-type="heading-1"><title>Discussion</title>
<p>Three of the species are expected to be directly impacted by the devastating 2019/2020 spring and summer bushfires that burned Australia: <italic>A. purprasina</italic> is known only from the type locality of Lamington National Park, Qld, that was severely burned; the two more widespread species <italic>A. parvidentata</italic> and <italic>A. quinquecella</italic> are known from several national parks that burned, including Namadgi National Park, <sc>act</sc>, but are likely to recover based on populations spread across southeast Australia. The impact of these fires on the species is unknown. The recorded geographical distributions of <italic>A. alicespringsensis, A. elongata, A. kalbarriensis, A. nigricentralis</italic> and <italic>A. ottensorum</italic> did not burn and were unaffected by these fires. Now that the species are officially named, described and included in an updated key to species, we hope that they can be formally included in future bushfire recovery surveys and phylogenetic studies.</p>
</sec>
</body>
<back>
<ack><title>Acknowledgements</title>
<p>Authors would like to thank: Christine Lambkin, Karin Koch and Susan Wright (<sc>qm</sc>), Russell Cox and Derek Smith (<sc>ams</sc>), Peter Hudson (<sc>sam</sc>), Justin Bartlett and Desley Tree (<sc>qdpc</sc>), Ken Walker and Catriona McPhee (<sc>nmva</sc>), Martin Hauser (California Department of Agriculture), Lo&#x00EF;c Matile (deceased, <sc>mnhn</sc>), John Chainey (<sc>nhmuk</sc>), Richard Glatz (<sc>rgc</sc>) and Cathy Byrne and Simon Grove (<sc>tmag</sc>) for providing access to and loaning material; Ben Parslow (<sc>sama</sc>) for providing database numbers for material deposited from the <sc>rbc</sc>; Steve Lingafelter (United States Department of Agriculture) for imaging the types of <italic>A. parvidentata</italic> and <italic>A. quinquecella</italic>; Robyn Meier (<sc>anic</sc>) for providing training in BioLink, and; Nicole Fisher and Noreen Tasleem (<sc>anic</sc>) for digitising specimens. This paper is a product of the Australian Biological Resources Study (<sc>abrs</sc>) National Taxonomy Research Grant Program project &#x201C;A phylogeny, systematic revision and key to the genera of Australian Soldier Flies (Diptera: Stratiomyidae)&#x201D; (RF214-30) and the Australian American Fulbright Commission Specialist Grant &#x201C;Training the next generation of Australian entomologist through research, fieldwork and scientific writing&#x201D;.</p>
</ack>
<ref-list>
<title>References</title>
<ref id="R000001"><mixed-citation publication-type="book"><person-group person-group-type="author"><string-name><surname>Cumming</surname>, <given-names>J.M.</given-names></string-name> &#x0026; <string-name><surname>Wood</surname>, <given-names>D.M.</given-names></string-name></person-group> (<year>2017</year>). <article-title>Adult morphology and terminology.</article-title> In: <person-group person-group-type="editor"><string-name><given-names>A.H.</given-names><surname>Kirk-Spriggs</surname></string-name> &#x0026; <string-name><given-names>B.J.</given-names><surname>Sinclair</surname></string-name></person-group> (eds.). <source>Manual of Afrotropical Diptera</source>. <comment>Volume 1. Introductory chapters and keys to Diptera families. Suricata 4.</comment> <publisher-name>SANBI Graphics and Editing</publisher-name>, <publisher-loc>Pretoria, South Africa</publisher-loc>: pp. <fpage>89</fpage>&#x2013;<lpage>133</lpage>.</mixed-citation></ref>
<ref id="R000002"><mixed-citation publication-type="data"><collab><sc>dawe</sc> (Australian Government Department of Agriculture, Water and the Environment)</collab>. <year>2020</year>. <article-title>National Indicative Aggregated Fire Extent Dataset v20200428.</article-title> Available from URL: <uri xlink:href="http://www.environment.gov.au/fed/catalog/search/resource/details.page?uuid=%7B9ACDCB09-0364-4FE8-9459-2A56C792C743%7D">http://www.environment.gov.au/fed/catalog/search/resource/details.page?uuid=%7B9ACDCB09-0364-4FE8-9459-2A56C792C743%7D</uri> (accessed online 20 May 2020).</mixed-citation></ref>
<ref id="R000003"><mixed-citation publication-type="journal"><person-group person-group-type="author"><string-name><surname>Hardy</surname>, <given-names>G.H.</given-names></string-name></person-group> (<year>1920</year>) <article-title>Australian Stratiomyiidae</article-title>. <source>Papers and Proceedings of the Royal Society of Tasmania</source> <volume>1920</volume>: <fpage>33</fpage>&#x2013;<lpage>64</lpage>.</mixed-citation></ref>
<ref id="R000004"><mixed-citation publication-type="journal"><person-group person-group-type="author"><string-name><surname>Hardy</surname>, <given-names>G.H.</given-names></string-name></person-group> (<year>1932</year>) <article-title>Notes on Australian Stratiomyiidae</article-title>. <source>Proceedings of the Royal Society of Queensland</source> <volume>44</volume>(<issue>3</issue>): <fpage>41</fpage>&#x2013;<lpage>49</lpage>.</mixed-citation></ref>
<ref id="R000005"><mixed-citation publication-type="book"><person-group person-group-type="author"><string-name><surname>Hauser</surname>, <given-names>M.</given-names></string-name>, <string-name><surname>Woodley</surname><given-names>N.</given-names></string-name> &#x0026; <string-name><surname>Fachin</surname>, <given-names>D.A.</given-names></string-name></person-group> (<year>2017</year>) <article-title>Stratiomyidae (Soldier Flies).</article-title> In: <person-group person-group-type="editor"><string-name><given-names>A.H.</given-names><surname>Kirk-Spriggs</surname></string-name> &#x0026; <string-name><given-names>B.J.</given-names><surname>Sinclair</surname></string-name></person-group> (eds.). <source>Manual of Afrotropical Diptera</source>. <comment>Volume 2. Nematocerous Diptera and lower Brachycera. Suricata 5.</comment> <publisher-name>SANBI Graphics and Editing</publisher-name>, <publisher-loc>Pretoria, South Africa</publisher-loc>: pp. <fpage>919</fpage>&#x2013;<lpage>979</lpage>.</mixed-citation></ref>
<ref id="R000006"><mixed-citation publication-type="journal"><person-group person-group-type="author"><string-name><surname>James</surname>, <given-names>M.T.</given-names></string-name></person-group> (<year>1973</year>) <article-title>A preliminary review of the Stratiomyidae of Chile Part I</article-title>. <source>Revista Chilena de Entomolog&#x00ED;a</source>. <volume>7</volume>: <fpage>11</fpage>&#x2013;<lpage>23</lpage>.</mixed-citation></ref>
<ref id="R000007"><mixed-citation publication-type="journal"><person-group person-group-type="author"><string-name><surname>James</surname>, <given-names>M.T.</given-names></string-name></person-group> (<year>1978</year>) <article-title>New and poorly known genera of Pachygastrinae (Diptera: Stratiomyidae) from New Guinea and the Bismarck Archipelago</article-title>. <source>Pacific Insects</source> <volume>19</volume>: <fpage>17</fpage>&#x2013;<lpage>30</lpage>.</mixed-citation></ref>
<ref id="R000008"><mixed-citation publication-type="journal"><person-group person-group-type="author"><string-name><surname>Lessard</surname>, <given-names>B.D.</given-names></string-name>, <string-name><surname>Yeates</surname><given-names>D.K.</given-names></string-name> &#x0026; <string-name><surname>Woodley</surname>, <given-names>N.E.</given-names></string-name></person-group> (<year>2018</year>) <article-title>Revision of the Hermetiinae of Australia (Diptera: Stratiomyidae)</article-title>. <source>Austral Entomology</source> <volume>58</volume>, <fpage>122</fpage>&#x2013;<lpage>136</lpage>. doi: <ext-link ext-link-type="doi" xlink:href="https://doi.org/10.1111/aen.12333">10.1111/aen.12333</ext-link>.</mixed-citation></ref>
<ref id="R000009"><mixed-citation publication-type="journal"><person-group person-group-type="author"><string-name><surname>Lessard</surname>, <given-names>B.D.</given-names></string-name>, <string-name><surname>Yeates</surname><given-names>D.K.</given-names></string-name> &#x0026; <string-name><surname>Woodley</surname>, <given-names>N.E.</given-names></string-name></person-group> (<year>2019</year>) <article-title>Revision of the Stratiomyinae soldier flies of Australia (Diptera: Stratiomyidae), with one new genus and first records of <italic>Prosopochrysa</italic> de Meijere, 1907</article-title>. <source>Insect Systematics &#x0026; Evolution</source>. doi <ext-link ext-link-type="doi" xlink:href="https://doi.org/10.1163/1876312X-00002307">10.1163/1876312X-00002307</ext-link> <comment>(online publication date 28 Apr 2019)</comment>.</mixed-citation></ref>
<ref id="R000010"><mixed-citation publication-type="journal"><person-group person-group-type="author"><string-name><surname>Lessard</surname>, <given-names>B.D.</given-names></string-name>, <string-name><surname>Yeates</surname><given-names>D.K.</given-names></string-name> &#x0026; <string-name><surname>Woodley</surname>, <given-names>N.E.</given-names></string-name></person-group> (<year>2020a</year>). <article-title>Generic revision of the Chiromyzinae soldier flies of Australia (Diptera: Stratiomyidae), including the first record of <italic>Boreoides</italic> Hardy, 1920 from New Zealand</article-title>. <source>Austral Entomology</source> <volume>59</volume>: <fpage>302</fpage>&#x2013;<lpage>322</lpage>. <ext-link ext-link-type="doi" xlink:href="https://doi.org/10.1111/aen.12449">https://doi.org/10.1111/aen.12449</ext-link>.</mixed-citation></ref>
<ref id="R000011"><mixed-citation publication-type="journal"><person-group person-group-type="author"><string-name><surname>Lessard</surname><given-names>B.D.</given-names></string-name>, <string-name><surname>Yeates</surname><given-names>D.K.</given-names></string-name> &#x0026; <string-name><surname>Woodley</surname><given-names>N.E.</given-names></string-name></person-group> (<year>2020b</year>). <article-title>Review of Australian Sarginae soldier fly genera (Diptera: Stratiomyidae), with first records of <italic>Cephalochrysa</italic></article-title>, <source>Formosargus and Microchrysa. Records of the Australian Museum</source> <volume>72</volume>: <fpage>23</fpage>&#x2013;<lpage>43</lpage>. <ext-link ext-link-type="doi" xlink:href="https://doi.org/10.3853/j.2201-4349.72.2020.1683">https://doi.org/10.3853/j.2201-4349.72.2020.1683</ext-link>.</mixed-citation></ref>
<ref id="R000012"><mixed-citation publication-type="journal"><person-group person-group-type="author"><string-name><surname>Lessard</surname><given-names>B.D.</given-names></string-name>, <string-name><surname>Yeates</surname><given-names>D.K.</given-names></string-name> &#x0026; <string-name><surname>Woodley</surname><given-names>N.E.</given-names></string-name></person-group> (<year>2020c</year>). <article-title><italic>Opaluma</italic>: a new genus of iridescent soldier flies (Diptera: Stratiomyidae) from Australia, including seven new species</article-title>. <source>Austral Entomology</source> <volume>59</volume>: <fpage>467</fpage>&#x2013;<lpage>486</lpage>. <ext-link ext-link-type="doi" xlink:href="https://doi.org/10.1111/aen.12485">https://doi.org/10.1111/aen.12485</ext-link> <comment>(online publication date 3 September 2020)</comment>.</mixed-citation></ref>
<ref id="R000013"><mixed-citation publication-type="journal"><person-group person-group-type="author"><string-name><surname>Macquart</surname>, <given-names>P. J. M.</given-names></string-name></person-group> (<year>1846</year>) <article-title>Dipt&#x00E8;res exotiques nouveaux ou peu connus. Suppl&#x00E9;ment</article-title>. <source>M&#x00E9;moires de la Soci&#x00E9;t&#x00E9; Royale des Sciences, de l&#x2019;Agriculture et des Arts, de Lille</source> <volume>1844</volume>: <fpage>133</fpage>&#x2013;<lpage>364</lpage>, <comment>363&#x2013;364</comment>.</mixed-citation></ref>
<ref id="R000014"><mixed-citation publication-type="journal"><person-group person-group-type="author"><string-name><surname>Macquart</surname>, <given-names>P.J.M.</given-names></string-name></person-group> (<year>1850</year>) <article-title>Dipt&#x00E8;res exotiques nouveaux ou peu connus. 4.e Suppl&#x00E9;ment</article-title>. <source>M&#x00E9;moires de la Soci&#x00E9;t&#x00E9; des Sciences, de l&#x2019;Agriculture et des Arts, de Lille</source> <volume>1849</volume>: <fpage>309</fpage>&#x2013;<lpage>479</lpage>.</mixed-citation></ref>
<ref id="R000015"><mixed-citation publication-type="journal"><person-group person-group-type="author"><string-name><surname>Macquart</surname>, <given-names>P.J.M.</given-names></string-name></person-group> (<year>1855</year>) <article-title>Dipt&#x00E8;res exotiques nouveaux ou peu connus. 5.e Suppl&#x00E9;ment</article-title>. <source>M&#x00E9;moires de la Soci&#x00E9;t&#x00E9; Imp&#x00E9;riale des Sciences de l&#x2019;Agriculture et des Arts de Lille, II.e s&#x00E9;rie</source> <volume>1</volume>: <fpage>25</fpage>&#x2013;<lpage>156</lpage>.</mixed-citation></ref>
<ref id="R000017"><mixed-citation publication-type="journal"><person-group person-group-type="author"><string-name><surname>Meijere</surname>, <given-names>J.C.H. de.</given-names></string-name></person-group> (<year>1913</year>) <article-title>Dipteren I. R&#x00E9;sultats de l&#x2019;Exp&#x00E9;dition Scientifique N&#x00E9;erlandaise &#x00E0; la Nouvelle-Guin&#x00E9;e</article-title>. <source>Nova Guinea</source> <volume>9</volume>: <fpage>305</fpage>&#x2013;<lpage>386</lpage>.</mixed-citation></ref>
<ref id="R000018"><mixed-citation publication-type="journal"><person-group person-group-type="author"><string-name><surname>Nagatomi</surname>, <given-names>A.</given-names></string-name></person-group> (<year>1968</year>) <article-title><italic>Exodontha dubia</italic> (Zetterstedt) new to Japan (Diptera, Stratiomyidae)</article-title>. <source>Konty&#x00FB;</source> <volume>36</volume>: <fpage>255</fpage>&#x2013;<lpage>258</lpage></mixed-citation></ref>
<ref id="R000019"><mixed-citation publication-type="book"><person-group person-group-type="author"><string-name><surname>Walker</surname>, <given-names>F.</given-names></string-name></person-group> (<year>1854</year>) <article-title>List of the specimens of dipterous insects in the collection of the British Museum</article-title>. <publisher-name>Part V. Supplement I. British Museum</publisher-name>, <publisher-loc>London</publisher-loc>: pp. <fpage>1</fpage>&#x2013;<lpage>330</lpage>.</mixed-citation></ref>
<ref id="R000020"><mixed-citation publication-type="journal"><person-group person-group-type="author"><string-name><surname>White</surname>, <given-names>A.</given-names></string-name></person-group> (<year>1914</year>) <article-title>The Diptera - Brachycera of Tasmania. Part I. Families Leptidae, Stratiomyidae, Nemestrinidae, &#x0026; Cyrtidae</article-title>. <source>Royal Society of Tasmania: Papers and Proceedings</source> <volume>1914</volume>: <fpage>35</fpage>&#x2013;<lpage>74</lpage>.</mixed-citation></ref>
<ref id="R000021"><mixed-citation publication-type="journal"><person-group person-group-type="author"><string-name><surname>White</surname>, <given-names>A.</given-names></string-name></person-group> (<year>1916</year>) <article-title>A revision of the Stratiomyidae of Australia</article-title>. <source>Proceedings of the Linnean Society of New South Wales</source> <volume>41</volume>: <fpage>71</fpage>&#x2013;<lpage>100</lpage>.</mixed-citation></ref>
<ref id="R000022"><mixed-citation publication-type="book"><person-group person-group-type="author"><string-name><surname>Woodley</surname>, <given-names>N.E.</given-names></string-name></person-group> (<year>1989</year>) <article-title>33. Family Stratiomyidae.</article-title> In: <person-group person-group-type="editor"><string-name><given-names>N.L.</given-names><surname>Evenhuis</surname></string-name></person-group> (ed.). <source>Catalog of the Diptera of the Australasian and Oceanian Regions. Bishop Museum Special Publication No. 86</source>, <publisher-name>Bishop Museum Press and E. J. Brill</publisher-name>, <publisher-loc>Honolulu and Leiden</publisher-loc>: pp. <fpage>301</fpage>&#x2013; <lpage>320</lpage>.</mixed-citation></ref>
<ref id="R000023"><mixed-citation publication-type="journal"><person-group person-group-type="author"><string-name><surname>Woodley</surname>, <given-names>N.E.</given-names></string-name></person-group> (<year>2001</year>) <article-title>A world catalog of Stratiomyidae (Insecta: Diptera)</article-title>. <source>Myia</source> <volume>11</volume>: <fpage>1</fpage>&#x2013;<lpage>475</lpage>.</mixed-citation></ref>
</ref-list>
</back>
</article>