{
    "product_id": "3032",
    "ac22_approved_for_public": "1",
    "primary_station": "FPL",
    "historical_station": "OTHER",
    "entrystatus": "Published to Web",
    "product_type_id": "1",
    "product_type_desc": "Publication",
    "product_subtype_id": null,
    "product_subtype_desc": null,
    "referee_status_id": "2",
    "status_name": "Informally Refereed (Peer-Reviewed)",
    "pub_type_id": "53",
    "pub_type_desc": "Miscellaneous Publication",
    "title": "Analysis of three-year Wisconsin temperature histories for roof systems using wood, wood-thermoplastic composite, and fiberglass shingles",
    "product_year": " 2007",
    "abstract": "Temperature histories for various types of roof shingles, wood roof sheathing, rafters, and nonventilated attics were monitored in outdoor attic structures using simulated North American light-framed construction. In this paper, 3-year thermal load histories for wood-based composite roof sheathing, wood rafters, and attics under western redcedar (WRC) shingles, wood-thermoplastic composite (WTPC) shingles, and black and white fiberglass shingles are reported and analyzed. The maximum hourly-average temperatures experienced were 70.7 °C and 61.8 °C for black and white fiberglass shingles, respectively; 48.2 °C for WRC shingles; and 45.7 °C and 46.3 °C for WTPC shingles applied over lath or directly over felt, respectively. On hot summer days, black fiberglass shingles were commonly found to be almost 10 °C hotter than white fiberglass shingles and more than 20 °C hotter than WRC or WTPC shingles. Other components in the roof assemblies and the attic air temperatures followed similar trends. The implications of these thermal loads under different types of roof shingles on comparative service-life for the shingles and the various wood components in the roof systems are discussed.",
    "citation": "Winandy, Jerrold E.; Hatfield, Cherilyn A. 2007. Analysis of three-year Wisconsin temperature histories for roof systems using wood, wood-thermoplastic composite, and fiberglass shingles.  Forest products journal. Vol. 57, no. 9 (Sept. 2007): pages 87-96.",
    "keywords": "Thermal stresses, western redcedar, thermal fatigue, glass fibers, wood-plastic composites, composite materials, thermal properties, thermoplastic composites, weathering, building materials, service life, roofing, sheathing, shingles, temperature, roofs, testing, attics, thermal load, wood plastic materials, durability, sheathing",
    "doi": null,
    "url_binary_file": "https://www.fpl.fs.fed.us/documnts/pdf2007/fpl_2007_winandy004.pdf",
    "binary_filesize": "310 KB",
    "url_landing_page": "https://www.fs.usda.gov/treesearch/pubs/29234",
    "treesearch_pub_id": "29234",
    "pub_parent_id": null,
    "pub_child_number": null,
    "pub_parent_ind": "0",
    "pub_publication": "Forest products journal. Vol. 57, no. 9 (Sept. 2007): pages 87-96.",
    "proceedings_ind": "0",
    "pub_volume": null,
    "pub_issue": null,
    "pub_page": null,
    "pub_page_start": null,
    "pub_page_end": null,
    "pub_source": "T",
    "geographic_terms": null,
    "issn_id": null,
    "is_early_release": "0",
    "created_on": "08-JAN-2008 11:56:52",
    "modified_on": "08-JAN-2008 12:02:37",
    "send_to_reviewer_ind": "A",
    "publish_to_web_ind": "Y",
    "send_to_reviewer": null,
    "child_publications": "",
    "national_research_taxonomy_elements": "",
    "pub_authors": [
        {
            "name": "Winandy, Jerrold E.",
            "station_id": "FPL",
            "unit_id": "4706",
            "team_id": "",
            "alias": "jwinandy",
            "user_id": "91",
            "is_employee_active": "0",
            "is_researcher": "1",
            "author_order": "1"
        },
        {
            "name": "Hatfield, Cherilyn A.",
            "station_id": "FPL",
            "unit_id": "4851",
            "team_id": "",
            "alias": "cahatfield",
            "user_id": "118",
            "is_employee_active": "0",
            "is_researcher": "0",
            "author_order": "2"
        }
    ],
    "current_organizational_memberships": [
        {
            "name": "Winandy, Jerrold E.",
            "station_id": "FPL",
            "unit_id": "4706",
            "team_id": "",
            "alias": "jwinandy",
            "user_id": "91",
            "is_employee_active": "0",
            "is_researcher": "1",
            "author_order": "1"
        },
        {
            "name": "Hatfield, Cherilyn A.",
            "station_id": "FPL",
            "unit_id": "4851",
            "team_id": "",
            "alias": "cahatfield",
            "user_id": "118",
            "is_employee_active": "0",
            "is_researcher": "0",
            "author_order": "2"
        }
    ],
    "strategic_program_areas": "",
    "cris_projects": "",
    "experimental_forests": "",
    "eco_regions": "",
    "latlongs": "",
    "usnatforests": "",
    "countystates": ""
}