{
    "product_id": "1427",
    "ac22_approved_for_public": "1",
    "primary_station": "FPL",
    "historical_station": "OTHER",
    "entrystatus": "Published to Web",
    "product_type_id": "1",
    "product_type_desc": "Publication",
    "product_subtype_id": null,
    "product_subtype_desc": null,
    "referee_status_id": "2",
    "status_name": "Informally Refereed (Peer-Reviewed)",
    "pub_type_id": "53",
    "pub_type_desc": "Miscellaneous Publication",
    "title": "Mill demonstration of TMP production from forest thinnings : pulp quality, refining energy, and handsheet properties",
    "product_year": " 2007",
    "abstract": "High-value, large-volume utilization of forest thinning materials from U.S. National Forests is a potentially important contributor to sustainable forest health. This study demonstrated the utilization of wood chips produced from thinnings for the production of thermomechanical pulp (TMP). Both whole-log chips (primarily from small-diameter logs, tops, and reject logs) and sawmill “residue” chips from a Hewsaw system (Mäntyharju, Finland) were evaluated. The residue chips produced in this study were substituted for a TMP mill’s standard residue chips up to about 50%. The whole-log chips were substituted for the mill’s whole-log chips up to about 30%. The results show that substitution of chips produced from forest thinnings reduced refining energy in all trials. Pulp quality was maintained throughout all trials.",
    "citation": "Zhu, J.Y.; Scott, C. Tim; Gleisner, Roland; Mann, Doreen; Dykstra, D.P.; Quinn, G. Holton; Edwards, Louis L. 2007. Mill demonstration of TMP production from forest thinnings : pulp quality, refining energy, and handsheet properties.  Bioresources. 2(4): 544-559.",
    "keywords": "Paper industry, energy conservation, wood-pulp industry, pulping, wood pulp, mechanical properties, wood chips, Douglas fir, smallwood, lodgepole pine, tensile strength, suppressed growth, chips, thermomechanical pulping, thinnings, small-diameter timber, small timbers, forest thinning, small diameter trees, suppressed growth trees, forest fires, sawmill residues, pulp quality, sheet properties",
    "doi": null,
    "url_binary_file": "https://www.fpl.fs.fed.us/documnts/pdf2007/fpl_2007_zhu004.pdf",
    "binary_filesize": "611 KB",
    "url_landing_page": "https://www.fs.usda.gov/treesearch/pubs/29759",
    "treesearch_pub_id": "29759",
    "pub_parent_id": null,
    "pub_child_number": null,
    "pub_parent_ind": "0",
    "pub_publication": "Bioresources. Vol. 2, no. 4 (2007): Pages 544-559",
    "proceedings_ind": "0",
    "pub_volume": "2",
    "pub_issue": "4",
    "pub_page": "16",
    "pub_page_start": "544",
    "pub_page_end": "559",
    "pub_source": "T",
    "geographic_terms": null,
    "issn_id": null,
    "is_early_release": "0",
    "created_on": "14-APR-2008 09:26:51",
    "modified_on": "09-MAR-2011 15:06:24",
    "send_to_reviewer_ind": "A",
    "publish_to_web_ind": "Y",
    "send_to_reviewer": "09-MAR-2011 15:06:21",
    "child_publications": "",
    "national_research_taxonomy_elements": "",
    "pub_authors": [
        {
            "name": "Zhu, J.Y.",
            "station_id": "FPL",
            "unit_id": "4706",
            "team_id": "",
            "alias": "jzhu",
            "user_id": "113",
            "is_employee_active": "1",
            "is_researcher": "1",
            "author_order": "1"
        },
        {
            "name": "Scott, C. Tim",
            "station_id": "NRS",
            "unit_id": "",
            "team_id": "",
            "alias": "Scott",
            "user_id": "525",
            "is_employee_active": "0",
            "is_researcher": "1",
            "author_order": "2"
        },
        {
            "name": "Gleisner, Roland",
            "station_id": "FPL",
            "unit_id": "4709",
            "team_id": "",
            "alias": "rgleisner",
            "user_id": "141",
            "is_employee_active": "1",
            "is_researcher": "0",
            "author_order": "3"
        },
        {
            "name": "Mann, Doreen",
            "station_id": "FPL",
            "unit_id": "4706",
            "team_id": "",
            "alias": "dhmann",
            "user_id": "22",
            "is_employee_active": "1",
            "is_researcher": "0",
            "author_order": "4"
        },
        {
            "name": "Dykstra, D.P.",
            "station_id": "",
            "unit_id": "",
            "team_id": "",
            "alias": "",
            "user_id": "",
            "is_employee_active": "0",
            "is_researcher": "0",
            "author_order": "5"
        },
        {
            "name": "Quinn, G. Holton",
            "station_id": "",
            "unit_id": "",
            "team_id": "",
            "alias": "",
            "user_id": "",
            "is_employee_active": "0",
            "is_researcher": "0",
            "author_order": "6"
        },
        {
            "name": "Edwards, Louis L.",
            "station_id": "",
            "unit_id": "",
            "team_id": "",
            "alias": "",
            "user_id": "",
            "is_employee_active": "0",
            "is_researcher": "0",
            "author_order": "7"
        }
    ],
    "current_organizational_memberships": [
        {
            "name": "Zhu, J.Y.",
            "station_id": "FPL",
            "unit_id": "4709",
            "team_id": "",
            "alias": "jzhu",
            "user_id": "113",
            "is_employee_active": "1",
            "is_researcher": "1",
            "author_order": "1"
        },
        {
            "name": "Scott, C. Tim",
            "station_id": "NRS",
            "unit_id": "FIA",
            "team_id": "57",
            "alias": "Scott",
            "user_id": "525",
            "is_employee_active": "0",
            "is_researcher": "1",
            "author_order": "2"
        },
        {
            "name": "Gleisner, Roland",
            "station_id": "FPL",
            "unit_id": "4709",
            "team_id": "",
            "alias": "rgleisner",
            "user_id": "141",
            "is_employee_active": "1",
            "is_researcher": "0",
            "author_order": "3"
        },
        {
            "name": "Mann, Doreen",
            "station_id": "FPL",
            "unit_id": "4709",
            "team_id": "",
            "alias": "dhmann",
            "user_id": "22",
            "is_employee_active": "1",
            "is_researcher": "0",
            "author_order": "4"
        },
        {
            "name": "Dykstra, D.P.",
            "station_id": "",
            "unit_id": "",
            "team_id": "",
            "alias": "",
            "user_id": "",
            "is_employee_active": "0",
            "is_researcher": "0",
            "author_order": "5"
        },
        {
            "name": "Quinn, G. Holton",
            "station_id": "",
            "unit_id": "",
            "team_id": "",
            "alias": "",
            "user_id": "",
            "is_employee_active": "0",
            "is_researcher": "0",
            "author_order": "6"
        },
        {
            "name": "Edwards, Louis L.",
            "station_id": "",
            "unit_id": "",
            "team_id": "",
            "alias": "",
            "user_id": "",
            "is_employee_active": "0",
            "is_researcher": "0",
            "author_order": "7"
        }
    ],
    "strategic_program_areas": "",
    "cris_projects": "",
    "experimental_forests": "",
    "eco_regions": "",
    "latlongs": "",
    "usnatforests": "",
    "countystates": ""
}