{
    "product_id": "1739",
    "ac22_approved_for_public": "1",
    "primary_station": "FPL",
    "historical_station": "OTHER",
    "entrystatus": "Published to Web",
    "product_type_id": "1",
    "product_type_desc": "Publication",
    "product_subtype_id": null,
    "product_subtype_desc": null,
    "referee_status_id": "2",
    "status_name": "Informally Refereed (Peer-Reviewed)",
    "pub_type_id": "53",
    "pub_type_desc": "Miscellaneous Publication",
    "title": "Effect of tree-growth rate on papermaking fiber properties",
    "product_year": " 2007",
    "abstract": "Measurements of wood density and anatomical properties of wood disks were conducted by SilviScan (CSIRO Australia) and a new imaging technique. The disks included red pine obtained from a never-thinned experimental forest with five different plantation densities and Douglas-fir and lodgepole pine (one normal growth and the other suppressed growth) both supplied by a sawmill. The results indicated that the effect of tree-growing conditions can be effectively characterized by radial annual growth rate. Growth suppression produced wood with less distinction in wood density, tracheid radial diameter, and wall thickness between earlywood and latewood.",
    "citation": "Zhu, Junyong; Vahey, David W.; Scott, C. Tim; Myers, Gary C. 2007. Effect of tree-growth rate on papermaking fiber properties.  61st Appita Annual Conference and Exhibition : Gold Coast, Australia, 6-9 May 2007 : proceedings. Carlton, VIC : Appita, c2007: ISBN: 9780975746928: Pages 415-422",
    "keywords": "Pulping, red pine, wood anatomy, wood density, papermaking, fibers, Douglas fir, tree-rings, tree farms, stand density, thinnings, ring profiler, small-diameter timber, smallwood, smallwood, small timbers, SilviScan, tracheids, lodgepole pine, wood fibers, red pine, suppressed growth",
    "doi": null,
    "url_binary_file": "https://www.fpl.fs.fed.us/documnts/pdf2007/fpl_2007_zhu002.pdf",
    "binary_filesize": "195 KB",
    "url_landing_page": "https://www.fs.usda.gov/treesearch/pubs/29799",
    "treesearch_pub_id": "29799",
    "pub_parent_id": null,
    "pub_child_number": null,
    "pub_parent_ind": "0",
    "pub_publication": "61st Appita Annual Conference and Exhibition : Gold Coast, Australia, 6-9 May 2007 : proceedings. Carlton, VIC : Appita, c2007: ISBN: 9780975746928: Pages 415-422",
    "proceedings_ind": "0",
    "pub_volume": null,
    "pub_issue": null,
    "pub_page": null,
    "pub_page_start": null,
    "pub_page_end": null,
    "pub_source": "T",
    "geographic_terms": null,
    "issn_id": null,
    "is_early_release": "0",
    "created_on": "16-APR-2008 13:23:58",
    "modified_on": "16-APR-2008 13:33:39",
    "send_to_reviewer_ind": "A",
    "publish_to_web_ind": "Y",
    "send_to_reviewer": null,
    "child_publications": "",
    "national_research_taxonomy_elements": "",
    "pub_authors": [
        {
            "name": "Zhu, Junyong",
            "station_id": "FPL",
            "unit_id": "4706",
            "team_id": "",
            "alias": "jzhu",
            "user_id": "113",
            "is_employee_active": "1",
            "is_researcher": "1",
            "author_order": "1"
        },
        {
            "name": "Vahey, David W.",
            "station_id": "FPL",
            "unit_id": "4706",
            "team_id": "",
            "alias": "dvahey",
            "user_id": "180",
            "is_employee_active": "0",
            "is_researcher": "1",
            "author_order": "2"
        },
        {
            "name": "Scott, C. Tim",
            "station_id": "",
            "unit_id": "",
            "team_id": "",
            "alias": "",
            "user_id": "",
            "is_employee_active": "0",
            "is_researcher": "0",
            "author_order": "3"
        },
        {
            "name": "Myers, Gary C.",
            "station_id": "",
            "unit_id": "",
            "team_id": "",
            "alias": "",
            "user_id": "",
            "is_employee_active": "0",
            "is_researcher": "0",
            "author_order": "4"
        }
    ],
    "current_organizational_memberships": [
        {
            "name": "Zhu, Junyong",
            "station_id": "FPL",
            "unit_id": "4709",
            "team_id": "",
            "alias": "jzhu",
            "user_id": "113",
            "is_employee_active": "1",
            "is_researcher": "1",
            "author_order": "1"
        },
        {
            "name": "Vahey, David W.",
            "station_id": "FPL",
            "unit_id": "4709",
            "team_id": "",
            "alias": "dvahey",
            "user_id": "180",
            "is_employee_active": "0",
            "is_researcher": "1",
            "author_order": "2"
        },
        {
            "name": "Scott, C. Tim",
            "station_id": "",
            "unit_id": "",
            "team_id": "",
            "alias": "",
            "user_id": "",
            "is_employee_active": "0",
            "is_researcher": "0",
            "author_order": "3"
        },
        {
            "name": "Myers, Gary C.",
            "station_id": "",
            "unit_id": "",
            "team_id": "",
            "alias": "",
            "user_id": "",
            "is_employee_active": "0",
            "is_researcher": "0",
            "author_order": "4"
        }
    ],
    "strategic_program_areas": "",
    "cris_projects": "",
    "experimental_forests": "",
    "eco_regions": "",
    "latlongs": "",
    "usnatforests": "",
    "countystates": ""
}