{
    "product_id": "2200",
    "ac22_approved_for_public": "1",
    "primary_station": "FPL",
    "historical_station": "FPL",
    "entrystatus": "Published to Web",
    "product_type_id": "1",
    "product_type_desc": "Publication",
    "product_subtype_id": null,
    "product_subtype_desc": null,
    "referee_status_id": "2",
    "status_name": "Informally Refereed (Peer-Reviewed)",
    "pub_type_id": "7",
    "pub_type_desc": "Research Paper (RP)",
    "title": "Confidence bounds and hypothesis tests for normal distribution coefficients of variation",
    "product_year": " 2007",
    "abstract": "For normally distributed populations, we obtain confidence bounds on a ratio of two coefficients of variation, provide a test for the equality of k coefficients of variation, and provide confidence bounds on a coefficient of variation shared by k populations. To develop these confidence bounds and test, we first establish that estimators based on Newton steps from n-consistent estimators may be used in place of efficient solutions of the likelihood equations in likelihood ratio, Wald, and Rao tests. Taking a quadratic mean differentiability approach, Lehmann and Romano have outlined proofs of similar results. We take a Cramer condition approach and make the conditions and their use explicit.",
    "citation": "Verrill, Steve P.; Johnson, Richard A. 2007. Confidence bounds and hypothesis tests for normal distribution coefficients of variation.  Research Paper FPL-RP-638. Madison, WI: U.S. Department of Agriculture, Forest Service, Forest Products Laboratory. 57 pages",
    "keywords": "Coefficient of variation, signal to noise ratio, risk to return ratio, one-step Newton estimators, Newton's method, n-consistent estimators, efficient likelihood estimators, Cramer conditions, quadratic mean differentiability, likelihood ratio test, Wald test, Rao test, asymptotics, confidence internals, Newton-Raphson method",
    "doi": "10.2737/FPL-RP-638",
    "url_binary_file": "https://www.fpl.fs.fed.us/documnts/fplrp/fpl_rp638.pdf",
    "binary_filesize": "718 KB",
    "url_landing_page": "https://www.fs.usda.gov/treesearch/pubs/29845",
    "treesearch_pub_id": "29845",
    "pub_parent_id": null,
    "pub_child_number": null,
    "pub_parent_ind": "0",
    "pub_publication": "Research Paper FPL-RP-638. Madison, WI: U.S. Department of Agriculture, Forest Service, Forest Products Laboratory. 57 pages",
    "proceedings_ind": "0",
    "pub_volume": "638",
    "pub_issue": null,
    "pub_page": null,
    "pub_page_start": null,
    "pub_page_end": null,
    "pub_source": "T",
    "geographic_terms": null,
    "issn_id": null,
    "is_early_release": "0",
    "created_on": "25-APR-2008 16:16:03",
    "modified_on": "25-APR-2008 16:38:46",
    "send_to_reviewer_ind": "A",
    "publish_to_web_ind": "Y",
    "send_to_reviewer": null,
    "child_publications": "",
    "national_research_taxonomy_elements": "",
    "pub_authors": [
        {
            "name": "Verrill, Steve P.",
            "station_id": "FPL",
            "unit_id": "4851",
            "team_id": "",
            "alias": "sverrill",
            "user_id": "75",
            "is_employee_active": "1",
            "is_researcher": "1",
            "author_order": "1"
        },
        {
            "name": "Johnson, Richard A.",
            "station_id": "",
            "unit_id": "",
            "team_id": "",
            "alias": "",
            "user_id": "",
            "is_employee_active": "0",
            "is_researcher": "0",
            "author_order": "2"
        }
    ],
    "current_organizational_memberships": [
        {
            "name": "Verrill, Steve P.",
            "station_id": "FPL",
            "unit_id": "4851",
            "team_id": "",
            "alias": "sverrill",
            "user_id": "75",
            "is_employee_active": "1",
            "is_researcher": "1",
            "author_order": "1"
        },
        {
            "name": "Johnson, Richard A.",
            "station_id": "",
            "unit_id": "",
            "team_id": "",
            "alias": "",
            "user_id": "",
            "is_employee_active": "0",
            "is_researcher": "0",
            "author_order": "2"
        }
    ],
    "strategic_program_areas": "",
    "cris_projects": "",
    "experimental_forests": "",
    "eco_regions": "",
    "latlongs": "",
    "usnatforests": "",
    "countystates": ""
}