{
    "product_id": "3029",
    "ac22_approved_for_public": "1",
    "primary_station": "FPL",
    "historical_station": "OTHER",
    "entrystatus": "Published to Web",
    "product_type_id": "1",
    "product_type_desc": "Publication",
    "product_subtype_id": null,
    "product_subtype_desc": null,
    "referee_status_id": "2",
    "status_name": "Informally Refereed (Peer-Reviewed)",
    "pub_type_id": "53",
    "pub_type_desc": "Miscellaneous Publication",
    "title": "Forest Products Laboratory : supporting the nation's armed forces with valuable wood research for 90 years",
    "product_year": " 2007",
    "abstract": "Founded in 1910 by the U.S. Forest Service to serve as a centralized, national wood research laboratory, the USDA Forest Products Laboratory (FPL) has a long history of providing technical services to other government agencies, including those within the Defense (DoD).  A recent search of FPL’s library and correspondence files revealed that approximately 10,000 articles, reports, manuals, other technical publications, and communications have been generated and provided to the DoD since 1910.  FPL has provided support on a broad array of technical questions—from designing lightweight packaging systems for transporting materiel to Europe and the South Pacific during World War II to assisting in the design and repair of motor mounts for minesweepers used in Desert Storm.  This article offers a brief review of some of the contributions FPL has made in support of the United States’ military.",
    "citation": "Risbrudt, Christopher D.; Ross, Robert J.; Blankenburg, Julie J.; Nelson, Charles A. 2007. Forest Products Laboratory : supporting the nation''s armed forces with valuable wood research for 90 years.  Forest products journal. Vol. 57, nos. 1/2 (Jan./Feb. 2007): pages [6]-14.",
    "keywords": "Forest products, military aspects, United States, wood, history, research institutes, Dept. of Defense, Forest Products Laboratory, utilization, research",
    "doi": null,
    "url_binary_file": "https://www.fpl.fs.fed.us/documnts/pdf2007/fpl_2007_risbrudt001.pdf",
    "binary_filesize": "439 KB",
    "url_landing_page": "https://www.fs.usda.gov/treesearch/pubs/29233",
    "treesearch_pub_id": "29233",
    "pub_parent_id": null,
    "pub_child_number": null,
    "pub_parent_ind": "0",
    "pub_publication": "Forest products journal. Vol. 57, nos. 1/2 (Jan./Feb. 2007): pages [6]-14.",
    "proceedings_ind": "0",
    "pub_volume": null,
    "pub_issue": null,
    "pub_page": null,
    "pub_page_start": null,
    "pub_page_end": null,
    "pub_source": "T",
    "geographic_terms": null,
    "issn_id": null,
    "is_early_release": "0",
    "created_on": "08-JAN-2008 11:39:07",
    "modified_on": "08-JAN-2008 11:53:59",
    "send_to_reviewer_ind": "A",
    "publish_to_web_ind": "Y",
    "send_to_reviewer": null,
    "child_publications": "",
    "national_research_taxonomy_elements": "",
    "pub_authors": [
        {
            "name": "Risbrudt, Christopher D.",
            "station_id": "",
            "unit_id": "",
            "team_id": "",
            "alias": "",
            "user_id": "",
            "is_employee_active": "0",
            "is_researcher": "0",
            "author_order": "1"
        },
        {
            "name": "Ross, Robert J.",
            "station_id": "FPL",
            "unit_id": "4714",
            "team_id": "",
            "alias": "rjross",
            "user_id": "132",
            "is_employee_active": "1",
            "is_researcher": "1",
            "author_order": "2"
        },
        {
            "name": "Blankenburg, Julie J.",
            "station_id": "FPL",
            "unit_id": "LIB",
            "team_id": "",
            "alias": "jblankenburg",
            "user_id": "120",
            "is_employee_active": "1",
            "is_researcher": "0",
            "author_order": "3"
        },
        {
            "name": "Nelson, Charles A.",
            "station_id": "",
            "unit_id": "",
            "team_id": "",
            "alias": "",
            "user_id": "",
            "is_employee_active": "0",
            "is_researcher": "0",
            "author_order": "4"
        }
    ],
    "current_organizational_memberships": [
        {
            "name": "Risbrudt, Christopher D.",
            "station_id": "",
            "unit_id": "",
            "team_id": "",
            "alias": "",
            "user_id": "",
            "is_employee_active": "0",
            "is_researcher": "0",
            "author_order": "1"
        },
        {
            "name": "Ross, Robert J.",
            "station_id": "FPL",
            "unit_id": "4714",
            "team_id": "",
            "alias": "rjross",
            "user_id": "132",
            "is_employee_active": "1",
            "is_researcher": "1",
            "author_order": "2"
        },
        {
            "name": "Blankenburg, Julie J.",
            "station_id": "FPL",
            "unit_id": "LIB",
            "team_id": "",
            "alias": "jblankenburg",
            "user_id": "120",
            "is_employee_active": "1",
            "is_researcher": "0",
            "author_order": "3"
        },
        {
            "name": "Nelson, Charles A.",
            "station_id": "",
            "unit_id": "",
            "team_id": "",
            "alias": "",
            "user_id": "",
            "is_employee_active": "0",
            "is_researcher": "0",
            "author_order": "4"
        }
    ],
    "strategic_program_areas": "",
    "cris_projects": "",
    "experimental_forests": "",
    "eco_regions": "",
    "latlongs": "",
    "usnatforests": "",
    "countystates": ""
}