{
    "product_id": "1738",
    "ac22_approved_for_public": "1",
    "primary_station": "FPL",
    "historical_station": "OTHER",
    "entrystatus": "Published to Web",
    "product_type_id": "1",
    "product_type_desc": "Publication",
    "product_subtype_id": null,
    "product_subtype_desc": null,
    "referee_status_id": "2",
    "status_name": "Informally Refereed (Peer-Reviewed)",
    "pub_type_id": "53",
    "pub_type_desc": "Miscellaneous Publication",
    "title": "Measurements of moisture transport in wood-based materials under isothermal and nonisothermal conditions",
    "product_year": " 2007",
    "abstract": null,
    "citation": "Glass, Samuel V. 2007. Measurements of moisture transport in wood-based materials under isothermal and nonisothermal conditions. In: Proceedings, ASHRAE thermal performance of the exterior envelopes of whole buildings X: U.S. Department of Energy, Oak Ridge National Laboratory: Buildings X Conference, 2007 Dec. 2-7.  Atlanta, Ga.: American Society for Heating, Refrigerating, and Air-Conditioning Engineers, Inc. 1-13 p.",
    "keywords": "",
    "doi": null,
    "url_binary_file": "https://www.fpl.fs.fed.us/documnts/pdf2007/fpl_2007_glass001.pdf",
    "binary_filesize": "492 KB",
    "url_landing_page": "https://www.fs.usda.gov/treesearch/pubs/29795",
    "treesearch_pub_id": "29795",
    "pub_parent_id": null,
    "pub_child_number": null,
    "pub_parent_ind": "0",
    "pub_publication": null,
    "proceedings_ind": "0",
    "pub_volume": null,
    "pub_issue": null,
    "pub_page": null,
    "pub_page_start": null,
    "pub_page_end": null,
    "pub_source": "T",
    "geographic_terms": null,
    "issn_id": null,
    "is_early_release": "0",
    "created_on": "16-APR-2008 11:59:01",
    "modified_on": "19-NOV-2008 00:00:00",
    "send_to_reviewer_ind": "A",
    "publish_to_web_ind": "Y",
    "send_to_reviewer": null,
    "child_publications": "",
    "national_research_taxonomy_elements": "",
    "pub_authors": [
        {
            "name": "Glass, Samuel V.",
            "station_id": "FPL",
            "unit_id": "4716",
            "team_id": "",
            "alias": "svglass",
            "user_id": "189",
            "is_employee_active": "1",
            "is_researcher": "1",
            "author_order": "1"
        }
    ],
    "current_organizational_memberships": [
        {
            "name": "Glass, Samuel V.",
            "station_id": "FPL",
            "unit_id": "4716",
            "team_id": "",
            "alias": "svglass",
            "user_id": "189",
            "is_employee_active": "1",
            "is_researcher": "1",
            "author_order": "1"
        }
    ],
    "strategic_program_areas": "",
    "cris_projects": "",
    "experimental_forests": "",
    "eco_regions": "",
    "latlongs": "",
    "usnatforests": "",
    "countystates": ""
}