{
    "product_id": "3149",
    "ac22_approved_for_public": "1",
    "primary_station": "FPL",
    "historical_station": "OTHER",
    "entrystatus": "Published to Web",
    "product_type_id": "1",
    "product_type_desc": "Publication",
    "product_subtype_id": null,
    "product_subtype_desc": null,
    "referee_status_id": "2",
    "status_name": "Informally Refereed (Peer-Reviewed)",
    "pub_type_id": "53",
    "pub_type_desc": "Miscellaneous Publication",
    "title": "Wood density and anatomical properties in suppressed-growth trees : comparison of two methods",
    "product_year": " 2007",
    "abstract": "Interest in the commercial value of small-diameter timber has led to testing core samples with SilviScan to characterize density and transverse fiber dimensions. Data showed that latewood density and tracheid diameter in suppressed-growth material can vary spatially on a scale comparable to the 50-_m resolution of the instrument used in our testing. An optical imaging method called Ring Profiler was developed to determine what effect SilviScan’s resolution had on the measurements. A single suppressed-growth specimen of Douglas-fir was used to develop the method. Ring Profiler measurements of the specimen showed that SilviScan overestimated latewood tracheid radial diameters by 59% in growth rings averaging 200-_m width. In those same growth rings, SilviScan latewood density was found to be 19% too low. In all growth rings measured by Ring Profiler, latewood wall thicknesses were anisotropic. Radial and tangential values averaged 13% less than the isotropic wall thickness calculated from SilviScan data. Ring Profiler density measurement from binarized images of wood cross-sections was found to correlate well with SilviScan X-ray density (r-squared _ 0.907); however, better images and an objective method for thresholding are needed for accuracy over a large sample space. With these improvements and automated scanning of samples, Ring Profiler could be an attractive, inexpensive complement to SilviScan.",
    "citation": "Vahey, David W.; Zhu, J. Y.; Scott, C. Tim. 2007. Wood density and anatomical properties in suppressed-growth trees : comparison of two methods.  Wood and fiber science. Vol. 39, no. 3 (2007): pages 462-471.",
    "keywords": "SilviScan, tracheid, density, diameter, wall thickness, anisotropy, image analysis, resolution, suppressed growth, small diameter, thinnings, pulp, pulping, Douglas fir, wood anatomy, wood density, stand density, pulpwood, ring profiler, small timbers, utilization, smallwood, small-diameter timber, thinnings",
    "doi": null,
    "url_binary_file": "https://www.fpl.fs.fed.us/documnts/pdf2007/fpl_2007_vahey001.pdf",
    "binary_filesize": "274 KB",
    "url_landing_page": "https://www.fs.usda.gov/treesearch/pubs/29255",
    "treesearch_pub_id": "29255",
    "pub_parent_id": null,
    "pub_child_number": null,
    "pub_parent_ind": "0",
    "pub_publication": "Wood and fiber science. Vol. 39, no. 3 (2007): pages 462-471.",
    "proceedings_ind": "0",
    "pub_volume": null,
    "pub_issue": null,
    "pub_page": null,
    "pub_page_start": null,
    "pub_page_end": null,
    "pub_source": "T",
    "geographic_terms": null,
    "issn_id": null,
    "is_early_release": "0",
    "created_on": "08-JAN-2008 14:05:08",
    "modified_on": "08-JAN-2008 14:09:02",
    "send_to_reviewer_ind": "A",
    "publish_to_web_ind": "Y",
    "send_to_reviewer": null,
    "child_publications": "",
    "national_research_taxonomy_elements": "",
    "pub_authors": [
        {
            "name": "Vahey, David W.",
            "station_id": "FPL",
            "unit_id": "4706",
            "team_id": "",
            "alias": "dvahey",
            "user_id": "180",
            "is_employee_active": "0",
            "is_researcher": "1",
            "author_order": "1"
        },
        {
            "name": "Zhu, J. Y.",
            "station_id": "",
            "unit_id": "",
            "team_id": "",
            "alias": "",
            "user_id": "",
            "is_employee_active": "0",
            "is_researcher": "0",
            "author_order": "2"
        },
        {
            "name": "Scott, C. Tim",
            "station_id": "",
            "unit_id": "",
            "team_id": "",
            "alias": "",
            "user_id": "",
            "is_employee_active": "0",
            "is_researcher": "0",
            "author_order": "3"
        }
    ],
    "current_organizational_memberships": [
        {
            "name": "Vahey, David W.",
            "station_id": "FPL",
            "unit_id": "4709",
            "team_id": "",
            "alias": "dvahey",
            "user_id": "180",
            "is_employee_active": "0",
            "is_researcher": "1",
            "author_order": "1"
        },
        {
            "name": "Zhu, J. Y.",
            "station_id": "",
            "unit_id": "",
            "team_id": "",
            "alias": "",
            "user_id": "",
            "is_employee_active": "0",
            "is_researcher": "0",
            "author_order": "2"
        },
        {
            "name": "Scott, C. Tim",
            "station_id": "",
            "unit_id": "",
            "team_id": "",
            "alias": "",
            "user_id": "",
            "is_employee_active": "0",
            "is_researcher": "0",
            "author_order": "3"
        }
    ],
    "strategic_program_areas": "",
    "cris_projects": "",
    "experimental_forests": "",
    "eco_regions": "",
    "latlongs": "",
    "usnatforests": "",
    "countystates": ""
}