{
    "product_id": "3139",
    "ac22_approved_for_public": "1",
    "primary_station": "FPL",
    "historical_station": "OTHER",
    "entrystatus": "Published to Web",
    "product_type_id": "1",
    "product_type_desc": "Publication",
    "product_subtype_id": null,
    "product_subtype_desc": null,
    "referee_status_id": "2",
    "status_name": "Informally Refereed (Peer-Reviewed)",
    "pub_type_id": "53",
    "pub_type_desc": "Miscellaneous Publication",
    "title": "Thermal degradation of wood fibers during hot-pressing of MDF composites.  Part I, Relative effects and benefits of thermal exposure",
    "product_year": " 2007",
    "abstract": "This research evaluated the potential of wood fiber to chemically decompose during hot-pressing. We evaluated changes in carbohydrate composition and structure as a function of multiple press temperatures (180°, 200°, and 220°C) and an array of hot-pressing durations from 180 to 2500 s. Results show how this thermal degradation in chemical composition directly results in changes in moisture sorption characteristics, physical and mechanical properties, and aboveground durability. For most mechanical properties, it appears that very little degrade occurs until mat temperatures exceed 150°C. Changes in the chemistry of medium density fiberboard seem to result in measurable changes in hygroscopicity, decay, strength, and stiffness. Control of hot-press temperature and duration appears a potential method to heat-treat medium density fiberboard and enhance its serviceability. This heat-treatment effect appears to be related to cumulative thermal load/exposure; subsequent analysis and computational modeling is currently underway.",
    "citation": "Winandy, Jerrold E.; Krzysik, Andrzej M. 2007. Thermal degradation of wood fibers during hot-pressing of MDF composites.  Part I, Relative effects and benefits of thermal exposure.  Wood and fiber science. Vol. 39, no. 3 (2007): pages 450-461.",
    "keywords": "Medium density fiberboard, thermal degradation, process conditions, compositional changes, carbohydrate structure, physical properties, mechanical properties, profile density, fiberboard, heat treatment, carbohydrates, thermal properties, composite materials, temperature, absorption, testing, strength, stiffness, swelling, hygroscopicity, moisture content, MDF, hot pressing, durability",
    "doi": null,
    "url_binary_file": "https://www.fpl.fs.fed.us/documnts/pdf2007/fpl_2007_winandy002.pdf",
    "binary_filesize": "264 KB",
    "url_landing_page": "https://www.fs.usda.gov/treesearch/pubs/29254",
    "treesearch_pub_id": "29254",
    "pub_parent_id": null,
    "pub_child_number": null,
    "pub_parent_ind": "0",
    "pub_publication": "Wood and fiber science. Vol. 39, no. 3 (2007): pages 450-461.",
    "proceedings_ind": "0",
    "pub_volume": null,
    "pub_issue": null,
    "pub_page": null,
    "pub_page_start": null,
    "pub_page_end": null,
    "pub_source": "T",
    "geographic_terms": null,
    "issn_id": null,
    "is_early_release": "0",
    "created_on": "08-JAN-2008 13:52:35",
    "modified_on": "08-JAN-2008 13:58:07",
    "send_to_reviewer_ind": "A",
    "publish_to_web_ind": "Y",
    "send_to_reviewer": null,
    "child_publications": "",
    "national_research_taxonomy_elements": "",
    "pub_authors": [
        {
            "name": "Winandy, Jerrold E.",
            "station_id": "FPL",
            "unit_id": "4706",
            "team_id": "",
            "alias": "jwinandy",
            "user_id": "91",
            "is_employee_active": "0",
            "is_researcher": "1",
            "author_order": "1"
        },
        {
            "name": "Krzysik, Andrzej M.",
            "station_id": "",
            "unit_id": "",
            "team_id": "",
            "alias": "",
            "user_id": "",
            "is_employee_active": "0",
            "is_researcher": "0",
            "author_order": "2"
        }
    ],
    "current_organizational_memberships": [
        {
            "name": "Winandy, Jerrold E.",
            "station_id": "FPL",
            "unit_id": "4706",
            "team_id": "",
            "alias": "jwinandy",
            "user_id": "91",
            "is_employee_active": "0",
            "is_researcher": "1",
            "author_order": "1"
        },
        {
            "name": "Krzysik, Andrzej M.",
            "station_id": "",
            "unit_id": "",
            "team_id": "",
            "alias": "",
            "user_id": "",
            "is_employee_active": "0",
            "is_researcher": "0",
            "author_order": "2"
        }
    ],
    "strategic_program_areas": "",
    "cris_projects": "",
    "experimental_forests": "",
    "eco_regions": "",
    "latlongs": "",
    "usnatforests": "",
    "countystates": ""
}