{
    "product_id": "3017",
    "ac22_approved_for_public": "1",
    "primary_station": "FPL",
    "historical_station": "OTHER",
    "entrystatus": "Published to Web",
    "product_type_id": "1",
    "product_type_desc": "Publication",
    "product_subtype_id": null,
    "product_subtype_desc": null,
    "referee_status_id": "2",
    "status_name": "Informally Refereed (Peer-Reviewed)",
    "pub_type_id": "53",
    "pub_type_desc": "Miscellaneous Publication",
    "title": "Comparison of multiple gene assembly methods for metabolic engineering",
    "product_year": " 2007",
    "abstract": "A universal, rapid DNA assembly method for efficient multigene plasmid construction is important for biological research and for optimizing gene expression in industrial microbes. Three different approaches to achieve this goal were evaluated. These included creating long complementary extensions using a uracil-DNA glycosylase technique, overlap extension polymerase chain reaction, and a SfiI-based ligation method. SfiI ligation was the only successful approach for assembling large DNA fragments that contained repeated homologous regions. In addition, the SfiI method has been improved over a similar, previous published technique so that it is more flexible and does not require polymerase chain reaction to incorporate adaptors. In the present study, Saccharomyces cerevisiae genes TAL1, TKL1, and PYK1 under control of the 6- phosphogluconate dehydrogenase promoter were successfully ligated together using multiple unique SfiI restriction sites. The desired construct was obtained 65% of the time during vector construction using four-piece ligations. The SfiI method consists of three steps: first a SfiI linker vector is constructed, whose multiple cloning site is flanked by two three-base linkers matching the neighboring SfiI linkers on SfiI digestion; second, the linkers are attached to the desired genes by cloning them into SfiI linker vectors; third, the genes flanked by the three-base linkers, are released by SfiI digestion. In the final step, genes of interest are joined together in a simple one-step ligation.",
    "citation": "Lu, Chenfeng; Mansoorabadi, Karen; Jeffries, Thomas. 2007. Comparison of multiple gene assembly methods for metabolic engineering.  Applied biochemistry and biotechnology. Vol. 136-140 (2007): pages 703-710.",
    "keywords": "Cloning, alcohol, fermentation, yeast, genetics, microbial metabolism, fungi, industrial applications, biotechnology, genetic engineering, yeast fungi, gene expression, multigene plasmid construction, gene assembly, xylose, decay fungi, Saccharomyces cerevisiae, ligation, optimization",
    "doi": null,
    "url_binary_file": "https://www.fpl.fs.fed.us/documnts/pdf2007/fpl_2007_lu001.pdf",
    "binary_filesize": "290 KB",
    "url_landing_page": "https://www.fs.usda.gov/treesearch/pubs/29231",
    "treesearch_pub_id": "29231",
    "pub_parent_id": null,
    "pub_child_number": null,
    "pub_parent_ind": "0",
    "pub_publication": "Applied biochemistry and biotechnology. Vol. 136-140 (2007): pages 703-710.",
    "proceedings_ind": "0",
    "pub_volume": null,
    "pub_issue": null,
    "pub_page": null,
    "pub_page_start": null,
    "pub_page_end": null,
    "pub_source": "T",
    "geographic_terms": null,
    "issn_id": null,
    "is_early_release": "0",
    "created_on": "08-JAN-2008 11:13:04",
    "modified_on": "08-JAN-2008 11:20:18",
    "send_to_reviewer_ind": "A",
    "publish_to_web_ind": "Y",
    "send_to_reviewer": null,
    "child_publications": "",
    "national_research_taxonomy_elements": "",
    "pub_authors": [
        {
            "name": "Lu, Chenfeng",
            "station_id": "",
            "unit_id": "",
            "team_id": "",
            "alias": "",
            "user_id": "",
            "is_employee_active": "0",
            "is_researcher": "0",
            "author_order": "1"
        },
        {
            "name": "Mansoorabadi, Karen",
            "station_id": "",
            "unit_id": "",
            "team_id": "",
            "alias": "",
            "user_id": "",
            "is_employee_active": "0",
            "is_researcher": "0",
            "author_order": "2"
        },
        {
            "name": "Jeffries, Thomas",
            "station_id": "FPL",
            "unit_id": "4712",
            "team_id": "",
            "alias": "twjeffries",
            "user_id": "64",
            "is_employee_active": "0",
            "is_researcher": "1",
            "author_order": "3"
        }
    ],
    "current_organizational_memberships": [
        {
            "name": "Lu, Chenfeng",
            "station_id": "",
            "unit_id": "",
            "team_id": "",
            "alias": "",
            "user_id": "",
            "is_employee_active": "0",
            "is_researcher": "0",
            "author_order": "1"
        },
        {
            "name": "Mansoorabadi, Karen",
            "station_id": "",
            "unit_id": "",
            "team_id": "",
            "alias": "",
            "user_id": "",
            "is_employee_active": "0",
            "is_researcher": "0",
            "author_order": "2"
        },
        {
            "name": "Jeffries, Thomas",
            "station_id": "FPL",
            "unit_id": "4712",
            "team_id": "",
            "alias": "twjeffries",
            "user_id": "64",
            "is_employee_active": "0",
            "is_researcher": "1",
            "author_order": "3"
        }
    ],
    "strategic_program_areas": "",
    "cris_projects": "",
    "experimental_forests": "",
    "eco_regions": "",
    "latlongs": "",
    "usnatforests": "",
    "countystates": ""
}