{
    "product_id": "1603",
    "ac22_approved_for_public": "1",
    "primary_station": "FPL",
    "historical_station": "OTHER",
    "entrystatus": "Published to Web",
    "product_type_id": "1",
    "product_type_desc": "Publication",
    "product_subtype_id": null,
    "product_subtype_desc": null,
    "referee_status_id": "2",
    "status_name": "Informally Refereed (Peer-Reviewed)",
    "pub_type_id": "53",
    "pub_type_desc": "Miscellaneous Publication",
    "title": "Tests for Z-direction fiber orientation",
    "product_year": " 2007",
    "abstract": "Fibers that acquire a Z-direction tilt in the forming process help bond adjacent strata of the paper sheet, increasing Z-direction shear and other properties. For certain tests, this manifests itself as a test difference upon 180° in-plane rotation of the sheet. Seven of eight different paper grades ranging in grammage from 73 to 268 g/m2 were found to show this difference for Scott internal bond tests, directional brightness tests, or both. Directional effects were compared using an extensional and a shear metric. One-third of comparisons showed significant directional effects at the 75-100% confidence level, including roughly equal numbers of Scott bond and brightness comparisons. However, the two tests did not reinforce each other strongly; agreement regarding directional effects occurred in only 60% of comparisons. The number of significant effects in the cross-machine direction matched those in the machine direction (MD), suggesting a more complex model may he needed. The best support for the fiber-tilt model was in the case of MD Scott-internal-bondtesting.",
    "citation": "Vahey, David W.; Considine, John M. 2007. Tests for Z-direction fiber orientation.  61st Appita Annual Conference and Exhibition : Gold Coast, Australia, 6-9 May 2007 : proceedings.  Carlton, VIC : Appita, c2007: ISBN: 9780975746928: Pages 53-59",
    "keywords": "Paper, testing, orientation, fibers, papermaking, shear, Student's t-test, shear strength, Z-direction, wood fibers, testing, paper, strength, brightness, bond strength, fiber tilt, grain, test directionality, running direction, Scott internal bond, brightness, tape pull, fiber pull, confidence, significance, toward headbox, toward reel, Fourdrinier, rush, drag",
    "doi": null,
    "url_binary_file": "https://www.fpl.fs.fed.us/documnts/pdf2007/fpl_2007_vahey002.pdf",
    "binary_filesize": "126 KB",
    "url_landing_page": "https://www.fs.usda.gov/treesearch/pubs/29771",
    "treesearch_pub_id": "29771",
    "pub_parent_id": null,
    "pub_child_number": null,
    "pub_parent_ind": "0",
    "pub_publication": "61st Appita Annual Conference and Exhibition : Gold Coast, Australia, 6-9 May 2007 : proceedings.  Carlton, VIC : Appita, c2007: ISBN: 9780975746928: Pages 53-59",
    "proceedings_ind": "0",
    "pub_volume": null,
    "pub_issue": null,
    "pub_page": null,
    "pub_page_start": null,
    "pub_page_end": null,
    "pub_source": "T",
    "geographic_terms": null,
    "issn_id": null,
    "is_early_release": "0",
    "created_on": "14-APR-2008 13:21:35",
    "modified_on": "14-APR-2008 13:33:29",
    "send_to_reviewer_ind": "A",
    "publish_to_web_ind": "Y",
    "send_to_reviewer": null,
    "child_publications": "",
    "national_research_taxonomy_elements": "",
    "pub_authors": [
        {
            "name": "Vahey, David W.",
            "station_id": "FPL",
            "unit_id": "4706",
            "team_id": "",
            "alias": "dvahey",
            "user_id": "180",
            "is_employee_active": "0",
            "is_researcher": "1",
            "author_order": "1"
        },
        {
            "name": "Considine, John M.",
            "station_id": "FPL",
            "unit_id": "4709",
            "team_id": "",
            "alias": "jconsidine",
            "user_id": "134",
            "is_employee_active": "1",
            "is_researcher": "1",
            "author_order": "2"
        }
    ],
    "current_organizational_memberships": [
        {
            "name": "Vahey, David W.",
            "station_id": "FPL",
            "unit_id": "4709",
            "team_id": "",
            "alias": "dvahey",
            "user_id": "180",
            "is_employee_active": "0",
            "is_researcher": "1",
            "author_order": "1"
        },
        {
            "name": "Considine, John M.",
            "station_id": "FPL",
            "unit_id": "4709",
            "team_id": "",
            "alias": "jconsidine",
            "user_id": "134",
            "is_employee_active": "1",
            "is_researcher": "1",
            "author_order": "2"
        }
    ],
    "strategic_program_areas": "",
    "cris_projects": "",
    "experimental_forests": "",
    "eco_regions": "",
    "latlongs": "",
    "usnatforests": "",
    "countystates": ""
}