{
    "product_id": "3058",
    "ac22_approved_for_public": "1",
    "primary_station": "FPL",
    "historical_station": "OTHER",
    "entrystatus": "Published to Web",
    "product_type_id": "1",
    "product_type_desc": "Publication",
    "product_subtype_id": null,
    "product_subtype_desc": null,
    "referee_status_id": "2",
    "status_name": "Informally Refereed (Peer-Reviewed)",
    "pub_type_id": "53",
    "pub_type_desc": "Miscellaneous Publication",
    "title": "Papermaking properties of aspen ultrahigh-yield mechanical pulps",
    "product_year": " 1991",
    "abstract": "Eleven types of aspen ultra-high-yield (90% and above) mechanical pubs were evaluated for their chemical compositions (including sulfur), handsheet strength, and optical properties, fiber length indices, and fiberizing energies. The pulping processes were stone groundwood, pressurized stone groundwood, refiner mechanical, thermomechanical, chemimechanical (alkaline sulfite), chemithermomechanical, bleached chemithermomechanical, peroxide chemimechanical, steam explosion, and biomechanical. Data were obtained from USDA Forest Service reports and other literature. Pulps made using chemical pretreatments of the chips gave considerably higher handsheet strength properties than those produced from the groundwood types. This difference was not explained by chemical compositions. Chemical Sulfonation composition changed little, except for sulfonation of those pubs pretreated with sulfur-containing compounds. The light-scattering coefficients and fiberizing energies were reduced in the pulps from chemically pretreated pubs. The biomechanical pubs showed lignin loss with improved handsheet strength properties.",
    "citation": "McGovern, J. N.; Wegner, T. H. 1991. Papermaking properties of aspen ultrahigh-yield mechanical pulps.  Tappi journal. Vol. 74, no. 8 (Aug. 1991): Pages 157-161.",
    "keywords": "Chemical analysis, mechanical pulping, optical properties, pulping, refining, strength, sulfonation, Populus, paper, wood pulp, sheet strength",
    "doi": null,
    "url_binary_file": "https://www.fpl.fs.fed.us/documnts/pdf1991/mcgov91a.pdf",
    "binary_filesize": "68 KB",
    "url_landing_page": "https://www.fs.usda.gov/treesearch/pubs/30531",
    "treesearch_pub_id": "30531",
    "pub_parent_id": null,
    "pub_child_number": null,
    "pub_parent_ind": "0",
    "pub_publication": "Tappi journal. Vol. 74, no. 8 (Aug. 1991): Pages 157-161.",
    "proceedings_ind": "0",
    "pub_volume": null,
    "pub_issue": null,
    "pub_page": null,
    "pub_page_start": null,
    "pub_page_end": null,
    "pub_source": "T",
    "geographic_terms": null,
    "issn_id": null,
    "is_early_release": "0",
    "created_on": "17-JUL-2008 10:03:19",
    "modified_on": "17-JUL-2008 10:11:08",
    "send_to_reviewer_ind": "A",
    "publish_to_web_ind": "Y",
    "send_to_reviewer": null,
    "child_publications": "",
    "national_research_taxonomy_elements": "",
    "pub_authors": [
        {
            "name": "McGovern, J. N.",
            "station_id": "",
            "unit_id": "",
            "team_id": "",
            "alias": "",
            "user_id": "",
            "is_employee_active": "0",
            "is_researcher": "0",
            "author_order": "1"
        },
        {
            "name": "Wegner, T. H.",
            "station_id": "",
            "unit_id": "",
            "team_id": "",
            "alias": "",
            "user_id": "",
            "is_employee_active": "0",
            "is_researcher": "0",
            "author_order": "2"
        }
    ],
    "current_organizational_memberships": [
        {
            "name": "McGovern, J. N.",
            "station_id": "",
            "unit_id": "",
            "team_id": "",
            "alias": "",
            "user_id": "",
            "is_employee_active": "0",
            "is_researcher": "0",
            "author_order": "1"
        },
        {
            "name": "Wegner, T. H.",
            "station_id": "",
            "unit_id": "",
            "team_id": "",
            "alias": "",
            "user_id": "",
            "is_employee_active": "0",
            "is_researcher": "0",
            "author_order": "2"
        }
    ],
    "strategic_program_areas": "",
    "cris_projects": "",
    "experimental_forests": "",
    "eco_regions": "",
    "latlongs": "",
    "usnatforests": "",
    "countystates": ""
}