<?xml version="1.0" encoding="utf-8"?>
<mods xmlns:xlink="http://www.w3.org/1999/xlink" version="3.4" xmlns:xsi="http://www.w3.org/2001/XMLSchema-instance" xmlns="http://www.loc.gov/mods/v3" xsi:schemaLocation="http://www.loc.gov/mods/v3 http://www.loc.gov/standards/mods/v3/mods-3-4.xsd">
		<titleInfo>
			<nonSort>The</nonSort>
			<title>Urban Question as a Scale Question</title>
			<subTitle>Reflections on Henri Lefebre, Urban Theory and the Politics of Scale</subTitle>
		</titleInfo>
		<name type="personal">
			<namePart type="given">Neil</namePart>
			<namePart type="family">Brenner</namePart>
			<role>
				<roleTerm type="text">author</roleTerm>
			</role>
		</name>
		<typeOfResource>text</typeOfResource>
		<genre>article</genre>
		<originInfo>
			<issuance>monographic</issuance>
		</originInfo>
		<relatedItem type="host">
			<titleInfo>
				<title>International Journal of Urban and Regional Research</title>
			</titleInfo>
			<originInfo>
			<issuance>continuing</issuance>
		</originInfo>
			<part>
				<detail type="volume">
					<number>24</number>
				</detail>
				<detail type="issue">
					<number>2</number>
					<caption>no.</caption>
				</detail>
				<extent unit="pages">
					<start>361</start>
					<end>378</end>
				</extent>
				<date>2000</date>
			</part>
		</relatedItem>
		<identifier>BrennerN2000a</identifier>
	</mods>
