{
    "product_id": "1354",
    "ac22_approved_for_public": "1",
    "primary_station": "SRS",
    "historical_station": "OTHER",
    "entrystatus": "Published to Web",
    "product_type_id": "1",
    "product_type_desc": "Publication",
    "product_subtype_id": null,
    "product_subtype_desc": null,
    "referee_status_id": "2",
    "status_name": "Informally Refereed (Peer-Reviewed)",
    "pub_type_id": "1",
    "pub_type_desc": "Scientific Journal (JRNL)",
    "title": "Analysis of ethanol-soluble extractives in southern pine wood by low-field proton NMR",
    "product_year": " 2007",
    "abstract": "Low-field portion NMR was evaluated as a nondestructive and rapid technique for measuring ethanol-soluble extractives in southern pine wood. Matchstick-sized wood specimens were steeped in extractive-containing solutions to generate extractive-enriched samples for analysis. decay curves obtained by the Carr-Purcell-Meiboom-gill (CPMG) pulse sequence were analyzed with Contin, a constrained regularization program used to generate continuous distributions of transverse (spin-spin) relaxation times. Air-dry wood samples gave maximum signal amplitudes that did not clearly reflect differences in extractives content. Oven drying removed signals for bound water that were superposed with those for extractives. Relaxation times and the corresponding amplitudes were then positively correlated with the added extractives. Treatment of air-dry samples with dichloromethane-d<sub>2</sub> prior to analysis increased the mobility of the extractives, thereby resulting in a shift of the corresponding signals to longer relaxation times. this provided the opportunity to quantify the added extractives in presence of bound water.",
    "citation": "Eberhardt, Thomas L.; Elder, Thomas; Labbe, Nicole. 2007. Analysis of ethanol-soluble extractives in southern pine wood by low-field proton NMR.  Journal of Wood Chemistry and Technology, Vol. 27: 35-47",
    "keywords": "Extractives, low-field proton NMR, relaxation time, southern pine, wood",
    "doi": null,
    "url_binary_file": "https://www.srs.fs.usda.gov/pubs/ja/ja_eberhardt007.pdf",
    "binary_filesize": "1.53 MB",
    "url_landing_page": "https://www.fs.usda.gov/treesearch/pubs/29089",
    "treesearch_pub_id": "29089",
    "pub_parent_id": null,
    "pub_child_number": null,
    "pub_parent_ind": "0",
    "pub_publication": "Journal of Wood Chemistry and Technology, Vol. 27: 35-47",
    "proceedings_ind": "0",
    "pub_volume": null,
    "pub_issue": null,
    "pub_page": null,
    "pub_page_start": null,
    "pub_page_end": null,
    "pub_source": "T",
    "geographic_terms": null,
    "issn_id": null,
    "is_early_release": "0",
    "created_on": "04-DEC-2007 09:58:12",
    "modified_on": "04-DEC-2007 17:09:33",
    "send_to_reviewer_ind": "A",
    "publish_to_web_ind": "Y",
    "send_to_reviewer": null,
    "child_publications": "",
    "national_research_taxonomy_elements": "",
    "pub_authors": [
        {
            "name": "Eberhardt, Thomas L.",
            "station_id": "SRS",
            "unit_id": "4704",
            "team_id": "",
            "alias": "teberhardt",
            "user_id": "2723",
            "is_employee_active": "1",
            "is_researcher": "1",
            "author_order": "1"
        },
        {
            "name": "Elder, Thomas",
            "station_id": "SRS",
            "unit_id": "4704",
            "team_id": "",
            "alias": "telder",
            "user_id": "2377",
            "is_employee_active": "1",
            "is_researcher": "1",
            "author_order": "2"
        },
        {
            "name": "Labbe, Nicole",
            "station_id": "",
            "unit_id": "",
            "team_id": "",
            "alias": "",
            "user_id": "",
            "is_employee_active": "0",
            "is_researcher": "0",
            "author_order": "3"
        }
    ],
    "current_organizational_memberships": [
        {
            "name": "Eberhardt, Thomas L.",
            "station_id": "FPL",
            "unit_id": "4715",
            "team_id": "",
            "alias": "teberhardt",
            "user_id": "2723",
            "is_employee_active": "1",
            "is_researcher": "1",
            "author_order": "1"
        },
        {
            "name": "Elder, Thomas",
            "station_id": "SRS",
            "unit_id": "4704",
            "team_id": "",
            "alias": "telder",
            "user_id": "2377",
            "is_employee_active": "1",
            "is_researcher": "1",
            "author_order": "2"
        },
        {
            "name": "Labbe, Nicole",
            "station_id": "",
            "unit_id": "",
            "team_id": "",
            "alias": "",
            "user_id": "",
            "is_employee_active": "0",
            "is_researcher": "0",
            "author_order": "3"
        }
    ],
    "strategic_program_areas": "",
    "cris_projects": "",
    "experimental_forests": "",
    "eco_regions": "",
    "latlongs": "",
    "usnatforests": "",
    "countystates": ""
}