{
    "product_id": "1574",
    "ac22_approved_for_public": "1",
    "primary_station": "FPL",
    "historical_station": "OTHER",
    "entrystatus": "Published to Web",
    "product_type_id": "1",
    "product_type_desc": "Publication",
    "product_subtype_id": null,
    "product_subtype_desc": null,
    "referee_status_id": "2",
    "status_name": "Informally Refereed (Peer-Reviewed)",
    "pub_type_id": "53",
    "pub_type_desc": "Miscellaneous Publication",
    "title": "Cone calorimeter tests of wood-based decking materials",
    "product_year": " 2007",
    "abstract": "New technologies in building materials have resulted in the use of a wide variety of materials in decks. As part of our effort to address fire concerns in the wildland-urban interface, the Forest Products Laboratory has been examining the fire performance of decking products. In addition to preservative-treated wood, decking products include wood-plastic composites and imported wood species. Requirements for wood-plastic composites are often based on expectation for untreated wood. Claims for imported wood species have included Class A flame spread ratings. This paper discusses results of cone calorimeter tests conducted on a variety of wood-based decking materials.",
    "citation": "White, Robert H.; Dietenberger, Mark A.; Stark, Nicole M. 2007. Cone calorimeter tests of wood-based decking materials. In: Lewin, Manachem, Ed. Proceedings of the 18th annual conference on recent advances in flame retardancy of polymeric materials. 2007 May 20-23; Stamford, CT. Norwalk, CT: BCC Research. II: 326-337. c2007: ISBN: 1596232218: 9781596232211.",
    "keywords": "Durability, wood-plastic composites, composite materials, fire testing, preservative treated wood, decks, calorimetry, fire risk assessment, wood, review article, wood-plastic composites, treated wood, fire resistance, flammability, cone calorimetry, fire hazard",
    "doi": null,
    "url_binary_file": "https://www.fpl.fs.fed.us/documnts/pdf2007/fpl_2007_white002.pdf",
    "binary_filesize": "117 KB",
    "url_landing_page": "https://www.fs.usda.gov/treesearch/pubs/29770",
    "treesearch_pub_id": "29770",
    "pub_parent_id": null,
    "pub_child_number": null,
    "pub_parent_ind": "0",
    "pub_publication": "Proceedings of the 18th annual conference on recent advances in flame retardancy of polymeric materials.  Norwalk, CT : BCC Research, c2007: ISBN: 1596232218: 9781596232211: Pages 326-337.",
    "proceedings_ind": "0",
    "pub_volume": null,
    "pub_issue": null,
    "pub_page": null,
    "pub_page_start": null,
    "pub_page_end": null,
    "pub_source": "T",
    "geographic_terms": null,
    "issn_id": null,
    "is_early_release": "0",
    "created_on": "14-APR-2008 13:11:25",
    "modified_on": "30-DEC-2008 00:00:00",
    "send_to_reviewer_ind": "A",
    "publish_to_web_ind": "Y",
    "send_to_reviewer": null,
    "child_publications": "",
    "national_research_taxonomy_elements": "",
    "pub_authors": [
        {
            "name": "White, Robert H.",
            "station_id": "FPL",
            "unit_id": "4725",
            "team_id": "",
            "alias": "rhwhite",
            "user_id": "24",
            "is_employee_active": "0",
            "is_researcher": "1",
            "author_order": "1"
        },
        {
            "name": "Dietenberger, Mark A.",
            "station_id": "FPL",
            "unit_id": "4716",
            "team_id": "",
            "alias": "mdietenberger",
            "user_id": "40",
            "is_employee_active": "1",
            "is_researcher": "1",
            "author_order": "2"
        },
        {
            "name": "Stark, Nicole M.",
            "station_id": "FPL",
            "unit_id": "4706",
            "team_id": "",
            "alias": "nstark",
            "user_id": "60",
            "is_employee_active": "1",
            "is_researcher": "1",
            "author_order": "3"
        }
    ],
    "current_organizational_memberships": [
        {
            "name": "White, Robert H.",
            "station_id": "FPL",
            "unit_id": "4723",
            "team_id": "",
            "alias": "rhwhite",
            "user_id": "24",
            "is_employee_active": "0",
            "is_researcher": "1",
            "author_order": "1"
        },
        {
            "name": "Dietenberger, Mark A.",
            "station_id": "FPL",
            "unit_id": "4716",
            "team_id": "",
            "alias": "mdietenberger",
            "user_id": "40",
            "is_employee_active": "1",
            "is_researcher": "1",
            "author_order": "2"
        },
        {
            "name": "Stark, Nicole M.",
            "station_id": "FPL",
            "unit_id": "4706",
            "team_id": "",
            "alias": "nstark",
            "user_id": "60",
            "is_employee_active": "1",
            "is_researcher": "1",
            "author_order": "3"
        }
    ],
    "strategic_program_areas": "",
    "cris_projects": "",
    "experimental_forests": "",
    "eco_regions": "",
    "latlongs": "",
    "usnatforests": "",
    "countystates": ""
}