{
    "product_id": "1727",
    "ac22_approved_for_public": "1",
    "primary_station": "FPL",
    "historical_station": "OTHER",
    "entrystatus": "Published to Web",
    "product_type_id": "1",
    "product_type_desc": "Publication",
    "product_subtype_id": null,
    "product_subtype_desc": null,
    "referee_status_id": "2",
    "status_name": "Informally Refereed (Peer-Reviewed)",
    "pub_type_id": "53",
    "pub_type_desc": "Miscellaneous Publication",
    "title": "Full-field local displacement analysis of two-sided paperboard",
    "product_year": " 2007",
    "abstract": "This report describes a method to examine full-field displacements of both sides of paperboard during tensile testing. Analysis showed out-of-plane shear behavior near the failures zones. The method was reliably used to examine out-of-plane shear in double notch shear specimens. Differences in shear behavior of machine direction and cross-machine direction specimens are described.",
    "citation": "Considine, J.M.; Vahey, D.W. 2007. Full-field local displacement analysis of two-sided paperboard.  61st Appita Annual Conference and Exhibition : Gold Coast, Australia, 6-9 May 2007 : proceedings.  Carlton, VIC : Appita, c2007: ISBN: 9780975746928: Pages 223-227",
    "keywords": "Fiberboard, mechanical properties, paperboard, testing, shear, papermaking, z-toughness, displacement, failure, shear strength, tensile strength, bending strength",
    "doi": null,
    "url_binary_file": "https://www.fpl.fs.fed.us/documnts/pdf2007/fpl_2007_considine001.pdf",
    "binary_filesize": "132 KB",
    "url_landing_page": "https://www.fs.usda.gov/treesearch/pubs/29798",
    "treesearch_pub_id": "29798",
    "pub_parent_id": null,
    "pub_child_number": null,
    "pub_parent_ind": "0",
    "pub_publication": "61st Appita Annual Conference and Exhibition : Gold Coast, Australia, 6-9 May 2007 : proceedings.  Carlton, VIC : Appita, c2007: ISBN: 9780975746928: Pages 223-227",
    "proceedings_ind": "0",
    "pub_volume": null,
    "pub_issue": null,
    "pub_page": null,
    "pub_page_start": null,
    "pub_page_end": null,
    "pub_source": "T",
    "geographic_terms": null,
    "issn_id": null,
    "is_early_release": "0",
    "created_on": "16-APR-2008 13:09:57",
    "modified_on": "16-APR-2008 13:19:49",
    "send_to_reviewer_ind": "A",
    "publish_to_web_ind": "Y",
    "send_to_reviewer": null,
    "child_publications": "",
    "national_research_taxonomy_elements": "",
    "pub_authors": [
        {
            "name": "Considine, J.M.",
            "station_id": "",
            "unit_id": "",
            "team_id": "",
            "alias": "",
            "user_id": "",
            "is_employee_active": "0",
            "is_researcher": "0",
            "author_order": "1"
        },
        {
            "name": "Vahey, D.W.",
            "station_id": "",
            "unit_id": "",
            "team_id": "",
            "alias": "",
            "user_id": "",
            "is_employee_active": "0",
            "is_researcher": "0",
            "author_order": "2"
        }
    ],
    "current_organizational_memberships": [
        {
            "name": "Considine, J.M.",
            "station_id": "",
            "unit_id": "",
            "team_id": "",
            "alias": "",
            "user_id": "",
            "is_employee_active": "0",
            "is_researcher": "0",
            "author_order": "1"
        },
        {
            "name": "Vahey, D.W.",
            "station_id": "",
            "unit_id": "",
            "team_id": "",
            "alias": "",
            "user_id": "",
            "is_employee_active": "0",
            "is_researcher": "0",
            "author_order": "2"
        }
    ],
    "strategic_program_areas": "",
    "cris_projects": "",
    "experimental_forests": "",
    "eco_regions": "",
    "latlongs": "",
    "usnatforests": "",
    "countystates": ""
}