{
    "product_id": "1360",
    "ac22_approved_for_public": "1",
    "primary_station": "SRS",
    "historical_station": "OTHER",
    "entrystatus": "Published to Web",
    "product_type_id": "1",
    "product_type_desc": "Publication",
    "product_subtype_id": null,
    "product_subtype_desc": null,
    "referee_status_id": "2",
    "status_name": "Informally Refereed (Peer-Reviewed)",
    "pub_type_id": "1",
    "pub_type_desc": "Scientific Journal (JRNL)",
    "title": "Polymer-treated woody biomass: a filtration medium for removing phosphate from water",
    "product_year": " 2006",
    "abstract": "A two-stage treatment of refined aspen wood fiber with solutions of carboxymethyl cellulose (CMC) and ferrous chloride afforded a filtration medium that was effective in removing phosphate from test solutions. To assess the stability of the filtration medium, samples exposed to the test solutions were analyzed by FTIR spectroscopy. The resultant spectra indicated that a significant amount of the carboxylate functionality, imparted by the CMC, remained with the fiber. Determinations of iron and phosphorous levels in these samples by elemental analysis confirmed that the CMC provided additional sites to complex iron ions, and that phosphate removed from the test solutions was retained within the filtration medium. To better understand the distribution of the CMC in the fiber matrix, treatments were also carried out with CMC containing a polymeric fluorescent dye. Observations by confocal laser scanning microscopy showed partial filling of the fiber lumens. To address concerns related to the hydraulic conductivity of the fibers, aspen wood particles of different sizes were also treated. Results showed that the phosphorous uptake capacity decreased with decreasing particle size. Measurement of iron released into the test solutions suggested that the smaller wood particles may be preferred since they showed the lowest release of iron relative to the amount of phosphate removed.",
    "citation": "Eberhardt, Thomas L. 2006. Polymer-treated woody biomass: a filtration medium for removing phosphate from water.  Environmental Science and Technology 6 p.",
    "keywords": "",
    "doi": null,
    "url_binary_file": "https://www.srs.fs.usda.gov/pubs/ja/ja_eberhardt008.pdf",
    "binary_filesize": "924 KB",
    "url_landing_page": "https://www.fs.usda.gov/treesearch/pubs/29090",
    "treesearch_pub_id": "29090",
    "pub_parent_id": null,
    "pub_child_number": null,
    "pub_parent_ind": "0",
    "pub_publication": "Environmental Science and Technology 6 p.",
    "proceedings_ind": "0",
    "pub_volume": null,
    "pub_issue": null,
    "pub_page": null,
    "pub_page_start": null,
    "pub_page_end": null,
    "pub_source": "T",
    "geographic_terms": null,
    "issn_id": null,
    "is_early_release": "0",
    "created_on": "04-DEC-2007 10:00:28",
    "modified_on": "04-DEC-2007 17:09:33",
    "send_to_reviewer_ind": "A",
    "publish_to_web_ind": "Y",
    "send_to_reviewer": null,
    "child_publications": "",
    "national_research_taxonomy_elements": "",
    "pub_authors": [
        {
            "name": "Eberhardt, Thomas L",
            "station_id": "SRS",
            "unit_id": "4704",
            "team_id": "",
            "alias": "teberhardt",
            "user_id": "2723",
            "is_employee_active": "1",
            "is_researcher": "1",
            "author_order": "1"
        }
    ],
    "current_organizational_memberships": [
        {
            "name": "Eberhardt, Thomas L",
            "station_id": "FPL",
            "unit_id": "4715",
            "team_id": "",
            "alias": "teberhardt",
            "user_id": "2723",
            "is_employee_active": "1",
            "is_researcher": "1",
            "author_order": "1"
        }
    ],
    "strategic_program_areas": "",
    "cris_projects": "",
    "experimental_forests": "",
    "eco_regions": "",
    "latlongs": "",
    "usnatforests": "",
    "countystates": ""
}