<!DOCTYPE article PUBLIC "-//NLM//DTD Journal Publishing DTD v2.3 20070202//EN" "http://dtd.nlm.nih.gov/publishing/2.3/journalpublishing.dtd">
<article article-type="other">
    <front>
        <journal-meta>
            <journal-id journal-id-type="publisher">aac</journal-id>
            <journal-title>Antimicrobial Agents and Chemotherapy</journal-title>
            <abbrev-journal-title>ANTIMICROB AGENTS CHEMOTHER</abbrev-journal-title>
            <issn>0066-4804</issn>
            <publisher>
                <publisher-name>American Society for Microbiology</publisher-name>
            </publisher>
        </journal-meta>
        <article-meta>
            <article-id pub-id-type="publisher-id">57/10/A1</article-id>
            <article-id pub-id-type="publisher-id">AAC.masthead.57-10</article-id>
            <article-id pub-id-type="doi">10.1128/AAC.masthead.57-10</article-id>
            <article-categories>
                <subj-group>
                    <subject>Masthead</subject>
                </subj-group>
            </article-categories>
            <title-group>
                <article-title>Editorial Board</article-title>
            </title-group>
            <pub-date pub-type="ppub">
                <month>10</month>
                <year>2013</year>
            </pub-date>
            <volume>57</volume>
            <issue>10</issue>
            <fpage>A1</fpage>
            <lpage>A1</lpage>
            <copyright-statement>Copyright &#x00A9; 2013, American Society for Microbiology. All
                Rights Reserved.</copyright-statement>
            <copyright-year>2013</copyright-year>
            <self-uri xmlns:xlink="http://www.w3.org/1999/xlink"
                xlink:href="http://aac.asm.org/cgi/content/full/57/10/A1"
                >http://aac.asm.org/cgi/content/full/57/10/A1</self-uri>
            <self-uri xmlns:xlink="http://www.w3.org/1999/xlink"
                xlink:href="http://aac.asm.org/cgi/reprint/57/10/A1"
                >http://aac.asm.org/cgi/reprint/57/10/A1</self-uri>
            <custom-meta-wrap>
                <custom-meta>
                    <meta-name>coverdate</meta-name>
                    <meta-value>October 2013</meta-value>
                </custom-meta>
            </custom-meta-wrap>
        </article-meta>
    </front>
</article>
