<?xml version="1.0" encoding="iso646-us"?>
<!DOCTYPE article PUBLIC "-//NLM//DTD Journal Archiving and Interchange DTD v3.0 20080202//EN"
"http://dtd.nlm.nih.gov/archiving/3.0/archivearticle3.dtd">
<article article-type="research-article" xml:lang="en">
    <!--tfjats-to-nlm3-dist-header.xsl version: 1.4-->
    <front>
        <journal-meta>
            <journal-id journal-id-type="archive">BBRM</journal-id>
            <journal-id journal-id-type="publisher-id">bbrm20</journal-id>
            <journal-title-group>
                <journal-title>Bioremediation Journal</journal-title>
            </journal-title-group>
            <issn pub-type="ppub">1088-9868</issn>
            <issn pub-type="epub">1547-6529</issn>
            <publisher>
                <publisher-name>Taylor &amp; Francis</publisher-name>
            </publisher>
        </journal-meta>
        <article-meta>
            <article-id pub-id-type="publisher-id">731449</article-id>
            <article-id pub-id-type="doi">10.1080/10889868.2012.731449</article-id>
            <article-categories>
                <subj-group subj-group-type="heading">
                    <subject>ARTICLES</subject>
                </subj-group>
            </article-categories>
            <title-group>
                <article-title>Preparation and Characterization of Chemically Modified Silk Cotton Hull Activated Carbon and Its Effects on Cd(II) Removal from Aqueous Solutions</article-title>
            </title-group>
            <contrib-group>
                <contrib contrib-type="author">
                    <string-name>
                        <given-names>C. Dulcy</given-names>
                        <x xml:space="preserve">

</x>
                        <surname>Evangelin</surname>
                    </string-name>
                    <xref ref-type="aff" rid="af0001" />
                    <x xml:space="preserve">
,
</x>
                </contrib>
                <contrib contrib-type="author">
                    <string-name>
                        <given-names>S. G.</given-names>
                        <x xml:space="preserve">

</x>
                        <surname>Gunasekaran</surname>
                    </string-name>
                    <xref ref-type="aff" rid="af0001" />
                    <x xml:space="preserve">
 &amp;
</x>
                </contrib>
                <contrib contrib-type="author">
                    <string-name>
                        <given-names>M.</given-names>
                        <x xml:space="preserve">

</x>
                        <surname>Dharmendirakumar</surname>
                    </string-name>
                    <xref ref-type="aff" rid="af0001" />
                    <xref ref-type="corresp" rid="an0001" />
                </contrib>
                <aff id="af0001">
                <label>
                    <sup>a</sup>
                </label>
                <institution>
                <named-content content-type="department">Department of Applied Science and Technology, A. C. Tech.</named-content>,
                <named-content content-type="institution-name">Anna University</named-content></institution>,
                <named-content content-type="city">Chennai</named-content>,
                <country>India</country></aff>
            </contrib-group>
            <author-notes>
                <corresp id="an0001">Address correspondence to M. Dharmendirakumar,
                <institution>
                <named-content content-type="department">Department of Applied Science and Technology, A. C. Tech.</named-content>,
                <named-content content-type="institution-name">Anna University</named-content></institution>,
                <named-content content-type="city">Chennai</named-content>
                <named-content content-type="postal-code">600025</named-content>,
                <country>India</country>. E-mail:
                <email xmlns:xlink="http://www.w3.org/1999/xlink" xlink:href="mdkumar@annauniv.edu">mdkumar@annauniv.edu</email></corresp>
            </author-notes>
            <pub-date pub-type="ppub">
                <day>3</day>
                <month>4</month>
                <year>2014</year>
            </pub-date>
            <volume>18</volume>
            <issue>2</issue>
            <fpage seq="1">81</fpage>
            <lpage>92</lpage>
            <permissions>
                <copyright-statement>Copyright &#169; 2014 Taylor and Francis Group, LLC</copyright-statement>
                <copyright-year>2014</copyright-year>
                <copyright-holder>Taylor and Francis Group</copyright-holder>
            </permissions>
            <abstract>
                <title>ABSTRACT</title>
                <p>The novel biosorbent silk cotton hull, an agrowaste material, has been successfully utilized for the removal of cadmium(II) from aqueous solutions. The adsorption of cadmium onto three kinds of activated biosorbent has been studied: modified by concentrated sulfuric acid alone (AC), a mixture of concentrated sulfuric acid and hydrogen peroxide (AC1), and a mixture of concentrated sulfuric acid and ammonium persulfate (AC2). The adsorption studies were carried out to optimize the process parameters such as pH, adsorbent dosage, contact time, and initial metal ion concentration. Maximum metal removal was observed at pH 7.0 with a contact time of 90&#160;min at stirring speed of 200&#160;rpm with an adsorbent dosage of 4.0&#160;g L
                <sup>&#8722;1</sup>. The sorption isotherms were studied using the Langmuir, Freundlich, and Tempkin isotherm models. The maximum adsorption capacities were 100.00, 142.86, and 142.87&#160;mg g
                <sup>&#8722;1</sup>for AC, AC1, and AC2, respectively. Accordingly, the surface modification of the activated carbons AC1 and AC2 enhanced cadmium removal greatly. The experiments demonstrated that the removal of metal ions followed the pseudo-second-order kinetic model. The sorption mechanism is discussed in terms of the activated surface properties. A relationship between the oxygen content and sorption was found in this novel material. Desorption experiments were carried out using hydrochloric acid with a view to generate the spent adsorbent and to recover the adsorbed metal ions.</p>
            </abstract>
            <kwd-group kwd-group-type="author">
                <title>KEYWORDS</title>
                <kwd>biosorption</kwd>
                <kwd>cadmium(II)</kwd>
                <kwd>equilibrium</kwd>
                <kwd>kinetics</kwd>
                <kwd>silk cotton hull</kwd>
            </kwd-group>
            <counts>
                <fig-count count="5" />
                <table-count count="6" />
                <ref-count count="25" />
                <page-count count="12" />
            </counts>
        </article-meta>
    </front>
</article>
