<?xml version="1.0"?>
<definition xmlns:xsi="http://www.w3.org/2001/XMLSchema-instance" version="3">
  <properties>
    <root_name>mods</root_name>
    <schema_uri>http://www.loc.gov/standards/mods/v3/mods-3-7.xsd</schema_uri>
    <namespaces default="http://www.loc.gov/mods/v3">
      <namespace prefix="mods">http://www.loc.gov/mods/v3</namespace>
      <namespace prefix="xsi">http://www.w3.org/2001/XMLSchema-instance</namespace>
      <namespace prefix="xlink">http://www.w3.org/1999/xlink</namespace>
    </namespaces>
  </properties>
  <form>
    <properties>
      <type>form</type>
      <access>TRUE</access>
      <collapsed>FALSE</collapsed>
      <collapsible>FALSE</collapsible>
      <disabled>FALSE</disabled>
      <executes_submit_callback>FALSE</executes_submit_callback>
      <multiple>FALSE</multiple>
      <required>FALSE</required>
      <resizable>FALSE</resizable>
      <tree>TRUE</tree>
      <actions>
        <create>NULL</create>
        <read>
          <path>//mods:mods[1]</path>
          <context>document</context>
        </read>
        <update>NULL</update>
        <delete>NULL</delete>
      </actions>
    </properties>
    <children>
      <element name="titleInfo">
        <properties>
          <type>markup</type>
          <access>TRUE</access>
          <collapsed>FALSE</collapsed>
          <collapsible>FALSE</collapsible>
          <disabled>FALSE</disabled>
          <executes_submit_callback>FALSE</executes_submit_callback>
          <multiple>FALSE</multiple>
          <required>FALSE</required>
          <resizable>FALSE</resizable>
          <tree>TRUE</tree>
          <actions>
            <create>
              <path>self::node()</path>
              <context>parent</context>
              <schema/>
              <type>element</type>
              <prefix>NULL</prefix>
              <value>titleInfo</value>
            </create>
            <read>
              <path>mods:titleInfo</path>
              <context>parent</context>
            </read>
            <update>NULL</update>
            <delete>NULL</delete>
          </actions>
        </properties>
        <children>
          <element name="title">
            <properties>
              <type>textarea</type>
              <access>TRUE</access>
              <collapsed>FALSE</collapsed>
              <collapsible>FALSE</collapsible>
              <description>Title of the PDF.</description>
              <disabled>FALSE</disabled>
              <executes_submit_callback>FALSE</executes_submit_callback>
              <multiple>FALSE</multiple>
              <required>TRUE</required>
              <resizable>FALSE</resizable>
              <title>Title</title>
              <tree>TRUE</tree>
              <actions>
                <create>
                  <path>self::node()</path>
                  <context>parent</context>
                  <schema/>
                  <type>element</type>
                  <prefix>NULL</prefix>
                  <value>title</value>
                </create>
                <read>
                  <path>mods:title</path>
                  <context>parent</context>
                </read>
                <update>
                  <path>self::node()</path>
                  <context>self</context>
                </update>
                <delete>NULL</delete>
              </actions>
            </properties>
            <children/>
          </element>
          <element name="subTitle">
            <properties>
              <type>textfield</type>
              <access>TRUE</access>
              <description>Sub title of the PDF.</description>
              <required>FALSE</required>
              <title>Subtitle</title>
              <tree>TRUE</tree>
              <actions>
                <create>
                  <path>self::node()</path>
                  <context>parent</context>
                  <schema/>
                  <type>element</type>
                  <prefix>NULL</prefix>
                  <value>subTitle</value>
                </create>
                <read>
                  <path>mods:subTitle</path>
                  <context>parent</context>
                </read>
                <update>
                  <path>self::node()</path>
                  <context>self</context>
                </update>
                <delete>NULL</delete>
              </actions>
            </properties>
            <children/>
          </element>
        </children>
      </element>
      <element name="personalName">
        <properties>
          <type>tabs</type>
          <access>TRUE</access>
          <collapsed>FALSE</collapsed>
          <collapsible>FALSE</collapsible>
          <disabled>FALSE</disabled>
          <executes_submit_callback>FALSE</executes_submit_callback>
          <multiple>FALSE</multiple>
          <required>FALSE</required>
          <resizable>FALSE</resizable>
          <title>Personal Names</title>
          <tree>TRUE</tree>
        </properties>
        <children>
          <element name="0">
            <properties>
              <type>tabpanel</type>
              <access>TRUE</access>
              <collapsed>FALSE</collapsed>
              <collapsible>FALSE</collapsible>
              <disabled>FALSE</disabled>
              <executes_submit_callback>FALSE</executes_submit_callback>
              <multiple>FALSE</multiple>
              <required>FALSE</required>
              <resizable>FALSE</resizable>
              <tree>TRUE</tree>
              <actions>
                <create>
                  <path>self::node()</path>
                  <context>parent</context>
                  <schema/>
                  <type>element</type>
                  <prefix>NULL</prefix>
                  <value>name</value>
                </create>
                <read>
                  <path>mods:name</path>
                  <context>parent</context>
                </read>
                <update>NULL</update>
                <delete>
                  <path>self::node()</path>
                  <context>self</context>
                </delete>
              </actions>
            </properties>
            <children>
              <element name="usage">
                <properties>
                  <type>select</type>
                  <access>TRUE</access>
                  <collapsed>FALSE</collapsed>
                  <collapsible>FALSE</collapsible>
                  <disabled>FALSE</disabled>
                  <executes_submit_callback>FALSE</executes_submit_callback>
                  <multiple>FALSE</multiple>
                  <options>
                    <index key="">No</index>
                    <primary>Yes</primary>
                  </options>
                  <required>FALSE</required>
                  <resizable>FALSE</resizable>
                  <title>Primary?</title>
                  <tree>TRUE</tree>
                  <actions>
                    <create>
                      <path>self::node()</path>
                      <context>parent</context>
                      <schema/>
                      <type>attribute</type>
                      <prefix>NULL</prefix>
                      <value>usage</value>
                    </create>
                    <read>
                      <path>@usage</path>
                      <context>parent</context>
                    </read>
                    <update>
                      <path>self::node()</path>
                      <context>self</context>
                    </update>
                    <delete>NULL</delete>
                  </actions>
                </properties>
                <children/>
              </element>
              <element name="type">
                <properties>
                  <type>hidden</type>
                  <access>TRUE</access>
                  <collapsed>FALSE</collapsed>
                  <collapsible>FALSE</collapsible>
                  <default_value>personal</default_value>
                  <disabled>FALSE</disabled>
                  <executes_submit_callback>FALSE</executes_submit_callback>
                  <multiple>FALSE</multiple>
                  <required>FALSE</required>
                  <resizable>FALSE</resizable>
                  <title>Type</title>
                  <tree>TRUE</tree>
                  <actions>
                    <create>
                      <path>self::node()</path>
                      <context>parent</context>
                      <schema/>
                      <type>attribute</type>
                      <prefix>NULL</prefix>
                      <value>type</value>
                    </create>
                    <read>
                      <path>@type</path>
                      <context>parent</context>
                    </read>
                    <update>
                      <path>self::node()</path>
                      <context>self</context>
                    </update>
                    <delete>NULL</delete>
                  </actions>
                </properties>
                <children/>
              </element>
              <element name="namePartGiven">
                <properties>
                  <type>textfield</type>
                  <access>TRUE</access>
                  <collapsed>FALSE</collapsed>
                  <collapsible>FALSE</collapsible>
                  <disabled>FALSE</disabled>
                  <executes_submit_callback>FALSE</executes_submit_callback>
                  <multiple>FALSE</multiple>
                  <required>FALSE</required>
                  <resizable>FALSE</resizable>
                  <title>Given Name</title>
                  <tree>TRUE</tree>
                  <actions>
                    <create>
                      <path>self::node()</path>
                      <context>parent</context>
                      <schema/>
                      <type>xml</type>
                      <prefix>NULL</prefix>
                      <value>&lt;namePart type="given"&gt;%value%&lt;/namePart&gt;</value>
                    </create>
                    <read>
                      <path>mods:namePart[@type="given"]</path>
                      <context>parent</context>
                    </read>
                    <update>
                      <path>self::node()</path>
                      <context>self</context>
                    </update>
                    <delete>NULL</delete>
                  </actions>
                </properties>
                <children/>
              </element>
              <element name="namePartFamily">
                <properties>
                  <type>textfield</type>
                  <access>TRUE</access>
                  <collapsed>FALSE</collapsed>
                  <collapsible>FALSE</collapsible>
                  <disabled>FALSE</disabled>
                  <executes_submit_callback>FALSE</executes_submit_callback>
                  <multiple>FALSE</multiple>
                  <required>FALSE</required>
                  <resizable>FALSE</resizable>
                  <title>Family Name</title>
                  <tree>TRUE</tree>
                  <actions>
                    <create>
                      <path>self::node()</path>
                      <context>parent</context>
                      <schema/>
                      <type>xml</type>
                      <prefix>NULL</prefix>
                      <value>&lt;namePart type="family"&gt;%value%&lt;/namePart&gt;</value>
                    </create>
                    <read>
                      <path>mods:namePart[@type="family"]</path>
                      <context>parent</context>
                    </read>
                    <update>
                      <path>self::node()</path>
                      <context>self</context>
                    </update>
                    <delete>NULL</delete>
                  </actions>
                </properties>
                <children/>
              </element>
              <element name="displayForm">
                <properties>
                  <type>textfield</type>
                  <access>TRUE</access>
                  <collapsed>FALSE</collapsed>
                  <collapsible>FALSE</collapsible>
                  <description>Inverted form of name. Ex.: Smith, John J.</description>
                  <disabled>FALSE</disabled>
                  <executes_submit_callback>FALSE</executes_submit_callback>
                  <multiple>FALSE</multiple>
                  <required>FALSE</required>
                  <resizable>FALSE</resizable>
                  <title>Display Name</title>
                  <tree>TRUE</tree>
                  <actions>
                    <create>
                      <path>self::node()</path>
                      <context>parent</context>
                      <schema/>
                      <type>xml</type>
                      <prefix>NULL</prefix>
                      <value>&lt;displayForm&gt;%value%&lt;/displayForm&gt;</value>
                    </create>
                    <read>
                      <path>mods:displayForm[not(@*)]</path>
                      <context>parent</context>
                    </read>
                    <update>
                      <path>self::node()</path>
                      <context>self</context>
                    </update>
                    <delete>NULL</delete>
                  </actions>
                </properties>
                <children/>
              </element>
              <element name="affiliation">
                <properties>
                  <type>textarea</type>
                  <access>TRUE</access>
                  <collapsed>FALSE</collapsed>
                  <collapsible>FALSE</collapsible>
                  <disabled>FALSE</disabled>
                  <executes_submit_callback>FALSE</executes_submit_callback>
                  <multiple>FALSE</multiple>
                  <required>FALSE</required>
                  <resizable>FALSE</resizable>
                  <title>Affiliation</title>
                  <tree>TRUE</tree>
                  <actions>
                    <create>
                      <path>self::node()</path>
                      <context>parent</context>
                      <schema/>
                      <type>xml</type>
                      <prefix>NULL</prefix>
                      <value>&lt;affiliation&gt;%value%&lt;/affiliation&gt;</value>
                    </create>
                    <read>
                      <path>mods:affiliation</path>
                      <context>parent</context>
                    </read>
                    <update>
                      <path>self::node()</path>
                      <context>self</context>
                    </update>
                    <delete>NULL</delete>
                  </actions>
                </properties>
                <children/>
              </element>
              <element name="nameIdentifier">
                <properties>
                  <type>textfield</type>
                  <access>TRUE</access>
                  <collapsed>FALSE</collapsed>
                  <collapsible>FALSE</collapsible>
                  <disabled>FALSE</disabled>
                  <executes_submit_callback>FALSE</executes_submit_callback>
                  <multiple>FALSE</multiple>
                  <required>FALSE</required>
                  <resizable>FALSE</resizable>
                  <title>ORCID</title>
                  <tree>TRUE</tree>
                  <actions>
                    <create>
                      <path>self::node()</path>
                      <context>parent</context>
                      <schema/>
                      <type>xml</type>
                      <prefix>NULL</prefix>
                      <value>&lt;nameIdentifier type="orcid"&gt;%value%&lt;/nameIdentifier&gt;</value>
                    </create>
                    <read>
                      <path>mods:nameIdentifier[@type="orcid"]</path>
                      <context>parent</context>
                    </read>
                    <update>
                      <path>self::node()</path>
                      <context>self</context>
                    </update>
                    <delete>NULL</delete>
                  </actions>
                </properties>
                <children/>
              </element>
              <element name="role">
                <properties>
                  <type>textfield</type>
                  <access>TRUE</access>
                  <collapsed>FALSE</collapsed>
                  <collapsible>FALSE</collapsible>
                  <description>Select a role from this vocabulary -
                                        http://id.loc.gov/vocabulary/relators.htm</description>
                  <disabled>FALSE</disabled>
                  <executes_submit_callback>FALSE</executes_submit_callback>
                  <multiple>FALSE</multiple>
                  <required>FALSE</required>
                  <resizable>FALSE</resizable>
                  <title>Role</title>
                  <tree>TRUE</tree>
                  <actions>
                    <create>
                      <path>self::node()</path>
                      <context>parent</context>
                      <schema/>
                      <type>xml</type>
                      <prefix>NULL</prefix>
                      <value>&lt;role&gt;&lt;roleTerm authority="marcrelator"
                                                type="text"&gt;%value%&lt;/roleTerm&gt;&lt;/role&gt;</value>
                    </create>
                    <read>
                      <path>mods:role/mods:roleTerm</path>
                      <context>parent</context>
                    </read>
                    <update>
                      <path>self::node()</path>
                      <context>self</context>
                    </update>
                    <delete>NULL</delete>
                  </actions>
                </properties>
                <children/>
              </element>
            </children>
          </element>
        </children>
      </element>
      <element name="corporateName">
        <properties>
          <type>tabs</type>
          <access>TRUE</access>
          <collapsed>FALSE</collapsed>
          <collapsible>FALSE</collapsible>
          <disabled>FALSE</disabled>
          <executes_submit_callback>FALSE</executes_submit_callback>
          <multiple>FALSE</multiple>
          <required>FALSE</required>
          <resizable>FALSE</resizable>
          <title>Corporate Names</title>
          <tree>TRUE</tree>
        </properties>
        <children>
          <element name="0">
            <properties>
              <type>tabpanel</type>
              <access>TRUE</access>
              <collapsed>FALSE</collapsed>
              <collapsible>FALSE</collapsible>
              <disabled>FALSE</disabled>
              <executes_submit_callback>FALSE</executes_submit_callback>
              <multiple>FALSE</multiple>
              <required>FALSE</required>
              <resizable>FALSE</resizable>
              <tree>TRUE</tree>
              <actions>
                <create>
                  <path>self::node()</path>
                  <context>parent</context>
                  <schema/>
                  <type>element</type>
                  <prefix>NULL</prefix>
                  <value>name</value>
                </create>
                <read>
                  <path>mods:name[@type="corporate"]</path>
                  <context>parent</context>
                </read>
                <update>NULL</update>
                <delete>
                  <path>self::node()</path>
                  <context>self</context>
                </delete>
              </actions>
            </properties>
            <children>
              <element name="usage">
                <properties>
                  <type>select</type>
                  <access>TRUE</access>
                  <collapsed>FALSE</collapsed>
                  <collapsible>FALSE</collapsible>
                  <disabled>FALSE</disabled>
                  <executes_submit_callback>FALSE</executes_submit_callback>
                  <multiple>FALSE</multiple>
                  <options>
                    <index key="">No</index>
                    <primary>Yes</primary>
                  </options>
                  <required>FALSE</required>
                  <resizable>FALSE</resizable>
                  <title>Primary?</title>
                  <tree>TRUE</tree>
                  <actions>
                    <create>
                      <path>self::node()</path>
                      <context>parent</context>
                      <schema/>
                      <type>attribute</type>
                      <prefix>NULL</prefix>
                      <value>usage</value>
                    </create>
                    <read>
                      <path>@usage</path>
                      <context>parent</context>
                    </read>
                    <update>
                      <path>self::node()</path>
                      <context>self</context>
                    </update>
                    <delete>NULL</delete>
                  </actions>
                </properties>
                <children/>
              </element>
              <element name="typeCorporate">
                <properties>
                  <type>hidden</type>
                  <access>TRUE</access>
                  <collapsed>FALSE</collapsed>
                  <collapsible>FALSE</collapsible>
                  <default_value>corporate</default_value>
                  <disabled>FALSE</disabled>
                  <executes_submit_callback>FALSE</executes_submit_callback>
                  <multiple>FALSE</multiple>
                  <required>FALSE</required>
                  <resizable>FALSE</resizable>
                  <title>Type</title>
                  <tree>TRUE</tree>
                  <actions>
                    <create>
                      <path>self::node()</path>
                      <context>parent</context>
                      <schema/>
                      <type>attribute</type>
                      <prefix>NULL</prefix>
                      <value>type</value>
                    </create>
                    <read>
                      <path>@type</path>
                      <context>parent</context>
                    </read>
                    <update>
                      <path>self::node()</path>
                      <context>self</context>
                    </update>
                    <delete>NULL</delete>
                  </actions>
                </properties>
                <children/>
              </element>
              <element name="namePart1">
                <properties>
                  <type>textfield</type>
                  <access>TRUE</access>
                  <collapsed>FALSE</collapsed>
                  <collapsible>FALSE</collapsible>
                  <description>Use for corporate name only</description>
                  <disabled>FALSE</disabled>
                  <executes_submit_callback>FALSE</executes_submit_callback>
                  <multiple>FALSE</multiple>
                  <required>FALSE</required>
                  <resizable>FALSE</resizable>
                  <title>Name</title>
                  <tree>TRUE</tree>
                  <actions>
                    <create>
                      <path>self::node()</path>
                      <context>parent</context>
                      <schema/>
                      <type>xml</type>
                      <prefix>NULL</prefix>
                      <value>&lt;namePart&gt;%value%&lt;/namePart&gt;</value>
                    </create>
                    <read>
                      <path>mods:namePart</path>
                      <context>parent</context>
                    </read>
                    <update>
                      <path>self::node()</path>
                      <context>self</context>
                    </update>
                    <delete>NULL</delete>
                  </actions>
                </properties>
                <children/>
              </element>
            </children>
          </element>
        </children>
      </element>
      <element name="typeOfResource">
        <properties>
          <type>select</type>
          <access>TRUE</access>
          <collapsed>FALSE</collapsed>
          <collapsible>FALSE</collapsible>
          <default_value>text</default_value>
          <description>Information in this field is about the original item. For example, in the case of a digitized photograph, &lt;typeOfResource&gt; would apply to the analog original; in born-digital materials, it would apply to the original digital format.</description>
          <disabled>FALSE</disabled>
          <executes_submit_callback>FALSE</executes_submit_callback>
          <multiple>FALSE</multiple>
          <options>
            <text>text</text>
            <cartographic>cartographic</cartographic>
            <index key="notated music">notated music</index>
            <index key="sound recording">sound recording</index>
            <index key="sound recording-musical">sound recording-musical</index>
            <index key="sound recording-nonmusical">sound recording-nonmusical</index>
            <index key="still image">still image</index>
            <index key="moving image">moving image</index>
            <index key="three dimensional object">three dimensional object</index>
            <index key="software, multimedia">software, multimedia</index>
            <index key="mixed material">mixed material</index>
          </options>
          <required>FALSE</required>
          <resizable>FALSE</resizable>
          <title>Type of Resource</title>
          <tree>TRUE</tree>
          <actions>
            <create>
              <path>self::node()</path>
              <context>parent</context>
              <schema/>
              <type>element</type>
              <prefix>NULL</prefix>
              <value>typeOfResource</value>
            </create>
            <read>
              <path>mods:typeOfResource</path>
              <context>parent</context>
            </read>
            <update>
              <path>self::node()</path>
              <context>self</context>
            </update>
            <delete>NULL</delete>
          </actions>
        </properties>
        <children/>
      </element>
      <element name="genre">
        <properties>
          <type>textfield</type>
          <access>TRUE</access>
          <collapsed>FALSE</collapsed>
          <collapsible>FALSE</collapsible>
          <disabled>FALSE</disabled>
          <executes_submit_callback>FALSE</executes_submit_callback>
          <multiple>FALSE</multiple>
          <required>FALSE</required>
          <resizable>FALSE</resizable>
          <title>Genre</title>
          <tree>TRUE</tree>
          <actions>
            <create>
              <path>self::node()</path>
              <context>parent</context>
              <schema/>
              <type>element</type>
              <prefix>NULL</prefix>
              <value>genre</value>
            </create>
            <read>
              <path>mods:genre</path>
              <context>parent</context>
            </read>
            <update>
              <path>self::node()</path>
              <context>self</context>
            </update>
            <delete>NULL</delete>
          </actions>
        </properties>
        <children/>
      </element>
      <element name="originInfo">
        <properties>
          <type>fieldset</type>
          <access>TRUE</access>
          <collapsed>FALSE</collapsed>
          <collapsible>FALSE</collapsible>
          <disabled>FALSE</disabled>
          <executes_submit_callback>FALSE</executes_submit_callback>
          <multiple>FALSE</multiple>
          <required>FALSE</required>
          <resizable>FALSE</resizable>
          <title>Origin Information</title>
          <tree>TRUE</tree>
          <actions>
            <create>
              <path>self::node()</path>
              <context>parent</context>
              <schema/>
              <type>element</type>
              <prefix>NULL</prefix>
              <value>originInfo</value>
            </create>
            <read>
              <path>mods:originInfo</path>
              <context>parent</context>
            </read>
            <update>NULL</update>
            <delete>NULL</delete>
          </actions>
        </properties>
        <children>
          <element name="Publisher">
            <properties>
              <type>textfield</type>
              <access>TRUE</access>
              <collapsed>FALSE</collapsed>
              <collapsible>FALSE</collapsible>
              <disabled>FALSE</disabled>
              <executes_submit_callback>FALSE</executes_submit_callback>
              <multiple>FALSE</multiple>
              <required>FALSE</required>
              <resizable>FALSE</resizable>
              <title>Publisher</title>
              <tree>TRUE</tree>
              <actions>
                <create>
                  <path>self::node()</path>
                  <context>parent</context>
                  <schema/>
                  <type>element</type>
                  <prefix>NULL</prefix>
                  <value>publisher</value>
                </create>
                <read>
                  <path>mods:publisher</path>
                  <context>parent</context>
                </read>
                <update>
                  <path>self::node()</path>
                  <context>self</context>
                </update>
                <delete>NULL</delete>
              </actions>
            </properties>
            <children/>
          </element>
          <element name="placeCode">
            <properties>
              <type>textfield</type>
              <access>TRUE</access>
              <collapsed>FALSE</collapsed>
              <collapsible>FALSE</collapsible>
              <description>MARC country code</description>
              <disabled>FALSE</disabled>
              <executes_submit_callback>FALSE</executes_submit_callback>
              <multiple>FALSE</multiple>
              <required>FALSE</required>
              <resizable>FALSE</resizable>
              <title>Place Code</title>
              <tree>TRUE</tree>
              <actions>
                <create>
                  <path>self::node()</path>
                  <context>parent</context>
                  <schema/>
                  <type>xml</type>
                  <prefix>NULL</prefix>
                  <value>&lt;place&gt;&lt;placeTerm type="code" authority="marccountry"&gt;%value%&lt;/placeTerm&gt;&lt;/place&gt;</value>
                </create>
                <read>
                  <path>mods:place/mods:placeTerm[@type="code"][@authority="marccountry"]</path>
                  <context>parent</context>
                </read>
                <update>
                  <path>self::node()</path>
                  <context>self</context>
                </update>
                <delete>NULL</delete>
              </actions>
            </properties>
            <children/>
          </element>
          <element name="placeText">
            <properties>
              <type>textfield</type>
              <access>TRUE</access>
              <collapsed>FALSE</collapsed>
              <collapsible>FALSE</collapsible>
              <disabled>FALSE</disabled>
              <executes_submit_callback>FALSE</executes_submit_callback>
              <multiple>FALSE</multiple>
              <required>FALSE</required>
              <resizable>FALSE</resizable>
              <title>Place Text</title>
              <tree>TRUE</tree>
              <actions>
                <create>
                  <path>self::node()</path>
                  <context>parent</context>
                  <schema/>
                  <type>xml</type>
                  <prefix>NULL</prefix>
                  <value>&lt;place&gt;&lt;placeTerm type="text"&gt;%value%&lt;/placeTerm&gt;&lt;/place&gt;</value>
                </create>
                <read>
                  <path>mods:place/mods:placeTerm[@type="text"]|mods:place/mods:placeTerm[not(@type)]</path>
                  <context>parent</context>
                </read>
                <update>
                  <path>self::node()</path>
                  <context>self</context>
                </update>
                <delete>NULL</delete>
              </actions>
            </properties>
            <children/>
          </element>
          <element name="dateIssued">
            <properties>
              <type>textfield</type>
              <access>TRUE</access>
              <collapsed>FALSE</collapsed>
              <collapsible>FALSE</collapsible>
              <description>Enter date in the format YYYY-MM-DD.</description>
              <disabled>FALSE</disabled>
              <executes_submit_callback>FALSE</executes_submit_callback>
              <multiple>FALSE</multiple>
              <required>FALSE</required>
              <resizable>FALSE</resizable>
              <title>Date Issued</title>
              <tree>TRUE</tree>
              <actions>
                <create>
                  <path>self::node()</path>
                  <context>parent</context>
                  <schema/>
                  <type>xml</type>
                  <prefix>NULL</prefix>
                  <value>&lt;dateIssued encoding="w3cdtf"&gt;%value%&lt;/dateIssued&gt;</value>
                </create>
                <read>
                  <path>mods:dateIssued[@encoding="w3cdtf"]</path>
                  <context>parent</context>
                </read>
                <update>
                  <path>self::node()</path>
                  <context>self</context>
                </update>
                <delete>NULL</delete>
              </actions>
            </properties>
            <children/>
          </element>
        </children>
      </element>
      <element name="language">
        <properties>
          <type>fieldset</type>
          <access>TRUE</access>
          <collapsed>FALSE</collapsed>
          <collapsible>FALSE</collapsible>
          <disabled>FALSE</disabled>
          <executes_submit_callback>FALSE</executes_submit_callback>
          <multiple>FALSE</multiple>
          <required>FALSE</required>
          <resizable>FALSE</resizable>
          <title>Language</title>
          <tree>TRUE</tree>
          <actions>
            <create>
              <path>self::node()</path>
              <context>parent</context>
              <schema/>
              <type>element</type>
              <prefix>NULL</prefix>
              <value>language</value>
            </create>
            <read>
              <path>mods:language</path>
              <context>parent</context>
            </read>
            <update>
              <path>self::node()</path>
              <context>self</context>
            </update>
            <delete>NULL</delete>
          </actions>
        </properties>
        <children>
          <element name="languageCode">
            <properties>
              <type>textfield</type>
              <access>TRUE</access>
              <collapsed>FALSE</collapsed>
              <collapsible>FALSE</collapsible>
              <default_value>eng</default_value>
              <disabled>FALSE</disabled>
              <executes_submit_callback>FALSE</executes_submit_callback>
              <multiple>FALSE</multiple>
              <required>FALSE</required>
              <resizable>FALSE</resizable>
              <title>Lanuage (code)</title>
              <tree>TRUE</tree>
              <actions>
                <create>
                  <path>self::node()</path>
                  <context>parent</context>
                  <schema/>
                  <type>xml</type>
                  <prefix>NULL</prefix>
                  <value>&lt;languageTerm type="code" authority="iso639-2b"&gt;%value%&lt;/languageTerm&gt;</value>
                </create>
                <read>
                  <path>mods:languageTerm[@type="code"]</path>
                  <context>parent</context>
                </read>
                <update>
                  <path>self::node()</path>
                  <context>self</context>
                </update>
                <delete>NULL</delete>
              </actions>
            </properties>
            <children/>
          </element>
          <element name="languageText">
            <properties>
              <type>textfield</type>
              <access>TRUE</access>
              <collapsed>FALSE</collapsed>
              <collapsible>FALSE</collapsible>
              <default_value>English</default_value>
              <disabled>FALSE</disabled>
              <executes_submit_callback>FALSE</executes_submit_callback>
              <multiple>FALSE</multiple>
              <required>FALSE</required>
              <resizable>FALSE</resizable>
              <title>Language (text)</title>
              <tree>TRUE</tree>
              <actions>
                <create>
                  <path>self::node()</path>
                  <context>parent</context>
                  <schema/>
                  <type>xml</type>
                  <prefix>NULL</prefix>
                  <value>&lt;languageTerm type="text"&gt;%value%&lt;/languageTerm&gt;</value>
                </create>
                <read>
                  <path>mods:languageTerm[@type="text"]</path>
                  <context>parent</context>
                </read>
                <update>
                  <path>self::node()</path>
                  <context>self</context>
                </update>
                <delete>NULL</delete>
              </actions>
            </properties>
            <children/>
          </element>
        </children>
      </element>
      <element name="physicalDescription">
        <properties>
          <type>fieldset</type>
          <access>TRUE</access>
          <collapsed>FALSE</collapsed>
          <collapsible>FALSE</collapsible>
          <disabled>FALSE</disabled>
          <executes_submit_callback>FALSE</executes_submit_callback>
          <multiple>FALSE</multiple>
          <required>FALSE</required>
          <resizable>FALSE</resizable>
          <title>Physical Description</title>
          <tree>TRUE</tree>
          <actions>
            <create>
              <path>self::node()</path>
              <context>parent</context>
              <schema/>
              <type>element</type>
              <prefix>NULL</prefix>
              <value>physicalDescription</value>
            </create>
            <read>
              <path>mods:physicalDescription</path>
              <context>parent</context>
            </read>
            <update>NULL</update>
            <delete>NULL</delete>
          </actions>
        </properties>
        <children>
          <element name="extent">
            <properties>
              <type>textfield</type>
              <access>TRUE</access>
              <collapsed>FALSE</collapsed>
              <collapsible>FALSE</collapsible>
              <disabled>FALSE</disabled>
              <executes_submit_callback>FALSE</executes_submit_callback>
              <multiple>FALSE</multiple>
              <required>FALSE</required>
              <resizable>FALSE</resizable>
              <title>Extent</title>
              <tree>TRUE</tree>
              <actions>
                <create>
                  <path>self::node()</path>
                  <context>parent</context>
                  <schema/>
                  <type>xml</type>
                  <prefix>NULL</prefix>
                  <value>&lt;extent&gt;%value%&lt;/extent&gt;</value>
                </create>
                <read>
                  <path>mods:extent</path>
                  <context>parent</context>
                </read>
                <update>
                  <path>self::node()</path>
                  <context>self</context>
                </update>
                <delete>NULL</delete>
              </actions>
            </properties>
            <children/>
          </element>
        </children>
      </element>
      <element name="abstract">
        <properties>
          <type>textarea</type>
          <access>TRUE</access>
          <collapsed>FALSE</collapsed>
          <collapsible>FALSE</collapsible>
          <disabled>FALSE</disabled>
          <executes_submit_callback>FALSE</executes_submit_callback>
          <multiple>FALSE</multiple>
          <required>FALSE</required>
          <resizable>FALSE</resizable>
          <title>Abstract</title>
          <tree>TRUE</tree>
          <actions>
            <create>
              <path>self::node()</path>
              <context>parent</context>
              <schema/>
              <type>element</type>
              <prefix>NULL</prefix>
              <value>abstract</value>
            </create>
            <read>
              <path>mods:abstract</path>
              <context>parent</context>
            </read>
            <update>
              <path>self::node()</path>
              <context>self</context>
            </update>
            <delete>NULL</delete>
          </actions>
        </properties>
        <children/>
      </element>
      <element name="note">
        <properties>
          <type>textarea</type>
          <access>TRUE</access>
          <collapsed>FALSE</collapsed>
          <collapsible>FALSE</collapsible>
          <disabled>FALSE</disabled>
          <executes_submit_callback>FALSE</executes_submit_callback>
          <multiple>FALSE</multiple>
          <required>FALSE</required>
          <resizable>FALSE</resizable>
          <title>Note</title>
          <tree>TRUE</tree>
          <actions>
            <create>
              <path>self::node()</path>
              <context>parent</context>
              <schema/>
              <type>element</type>
              <prefix>NULL</prefix>
              <value>note</value>
            </create>
            <read>
              <path>mods:note</path>
              <context>parent</context>
            </read>
            <update>
              <path>self::node()</path>
              <context>self</context>
            </update>
            <delete>
              <path>self::node()</path>
              <context>self</context>
            </delete>
          </actions>
        </properties>
        <children/>
      </element>
      <element name="subject-tabpanel">
        <properties>
          <type>tabs</type>
          <access>TRUE</access>
          <collapsed>FALSE</collapsed>
          <collapsible>FALSE</collapsible>
          <disabled>FALSE</disabled>
          <executes_submit_callback>FALSE</executes_submit_callback>
          <multiple>FALSE</multiple>
          <required>FALSE</required>
          <resizable>FALSE</resizable>
          <title>Subject(s)</title>
          <tree>TRUE</tree>
        </properties>
        <children>
          <element name="subject">
            <properties>
              <type>tabpanel</type>
              <access>TRUE</access>
              <collapsed>FALSE</collapsed>
              <collapsible>FALSE</collapsible>
              <disabled>FALSE</disabled>
              <executes_submit_callback>FALSE</executes_submit_callback>
              <multiple>FALSE</multiple>
              <required>FALSE</required>
              <resizable>FALSE</resizable>
              <title>Subject</title>
              <tree>TRUE</tree>
              <actions>
                <create>
                  <path>self::node()</path>
                  <context>parent</context>
                  <schema/>
                  <type>element</type>
                  <prefix>NULL</prefix>
                  <value>subject</value>
                </create>
                <read>
                  <path>mods:subject</path>
                  <context>parent</context>
                </read>
                <update>NULL</update>
                <delete>NULL</delete>
              </actions>
            </properties>
            <children>
              <element name="topic">
                <properties>
                  <type>tags</type>
                  <access>TRUE</access>
                  <collapsed>FALSE</collapsed>
                  <collapsible>FALSE</collapsible>
                  <disabled>FALSE</disabled>
                  <executes_submit_callback>FALSE</executes_submit_callback>
                  <multiple>FALSE</multiple>
                  <required>FALSE</required>
                  <resizable>FALSE</resizable>
                  <title>Topic</title>
                  <tree>TRUE</tree>
                </properties>
                <children>
                  <element name="0">
                    <properties>
                      <type>tag</type>
                      <access>TRUE</access>
                      <collapsed>FALSE</collapsed>
                      <collapsible>FALSE</collapsible>
                      <disabled>FALSE</disabled>
                      <executes_submit_callback>FALSE</executes_submit_callback>
                      <multiple>FALSE</multiple>
                      <required>FALSE</required>
                      <resizable>FALSE</resizable>
                      <tree>TRUE</tree>
                      <actions>
                        <create>
                          <path>self::node()</path>
                          <context>parent</context>
                          <schema/>
                          <type>element</type>
                          <prefix>NULL</prefix>
                          <value>topic</value>
                        </create>
                        <read>
                          <path>mods:topic</path>
                          <context>parent</context>
                        </read>
                        <update>
                          <path>self::node()</path>
                          <context>self</context>
                        </update>
                        <delete>
                          <path>self::node()</path>
                          <context>self</context>
                        </delete>
                      </actions>
                    </properties>
                    <children/>
                  </element>
                </children>
              </element>
              <element name="geographic">
                <properties>
                  <type>tags</type>
                  <access>TRUE</access>
                  <collapsed>FALSE</collapsed>
                  <collapsible>FALSE</collapsible>
                  <disabled>FALSE</disabled>
                  <executes_submit_callback>FALSE</executes_submit_callback>
                  <multiple>FALSE</multiple>
                  <required>FALSE</required>
                  <resizable>FALSE</resizable>
                  <title>Geographic</title>
                  <tree>TRUE</tree>
                </properties>
                <children>
                  <element name="0">
                    <properties>
                      <type>tag</type>
                      <access>TRUE</access>
                      <collapsed>FALSE</collapsed>
                      <collapsible>FALSE</collapsible>
                      <disabled>FALSE</disabled>
                      <executes_submit_callback>FALSE</executes_submit_callback>
                      <multiple>FALSE</multiple>
                      <required>FALSE</required>
                      <resizable>FALSE</resizable>
                      <tree>TRUE</tree>
                      <actions>
                        <create>
                          <path>self::node()</path>
                          <context>parent</context>
                          <schema/>
                          <type>element</type>
                          <prefix>NULL</prefix>
                          <value>geographic</value>
                        </create>
                        <read>
                          <path>mods:geographic</path>
                          <context>parent</context>
                        </read>
                        <update>
                          <path>self::node()</path>
                          <context>self</context>
                        </update>
                        <delete>
                          <path>self::node()</path>
                          <context>self</context>
                        </delete>
                      </actions>
                    </properties>
                    <children/>
                  </element>
                </children>
              </element>
              <element name="temporal">
                <properties>
                  <type>tags</type>
                  <access>TRUE</access>
                  <collapsed>FALSE</collapsed>
                  <collapsible>FALSE</collapsible>
                  <disabled>FALSE</disabled>
                  <executes_submit_callback>FALSE</executes_submit_callback>
                  <multiple>FALSE</multiple>
                  <required>FALSE</required>
                  <resizable>FALSE</resizable>
                  <title>Temporal</title>
                  <tree>TRUE</tree>
                </properties>
                <children>
                  <element name="0">
                    <properties>
                      <type>tag</type>
                      <access>TRUE</access>
                      <collapsed>FALSE</collapsed>
                      <collapsible>FALSE</collapsible>
                      <disabled>FALSE</disabled>
                      <executes_submit_callback>FALSE</executes_submit_callback>
                      <multiple>FALSE</multiple>
                      <required>FALSE</required>
                      <resizable>FALSE</resizable>
                      <tree>TRUE</tree>
                      <actions>
                        <create>
                          <path>self::node()</path>
                          <context>parent</context>
                          <schema/>
                          <type>element</type>
                          <prefix>NULL</prefix>
                          <value>temporal</value>
                        </create>
                        <read>
                          <path>mods:temporal</path>
                          <context>parent</context>
                        </read>
                        <update>
                          <path>self::node()</path>
                          <context>self</context>
                        </update>
                        <delete>
                          <path>self::node()</path>
                          <context>self</context>
                        </delete>
                      </actions>
                    </properties>
                    <children/>
                  </element>
                </children>
              </element>
            </children>
          </element>
        </children>
      </element>
      <element name="reportNumber">
        <properties>
          <type>textfield</type>
          <access>TRUE</access>
          <collapsed>FALSE</collapsed>
          <collapsible>FALSE</collapsible>
          <disabled>FALSE</disabled>
          <executes_submit_callback>FALSE</executes_submit_callback>
          <multiple>FALSE</multiple>
          <required>FALSE</required>
          <resizable>FALSE</resizable>
          <title>Report Number</title>
          <tree>TRUE</tree>
          <actions>
            <create>
              <path>self::node()</path>
              <context>parent</context>
              <schema/>
              <type>xml</type>
              <prefix>NULL</prefix>
              <value>&lt;identifier type="report_number"&gt;%value%&lt;/identifier&gt;</value>
            </create>
            <read>
              <path>mods:identifier[@type="report_number"]</path>
              <context>parent</context>
            </read>
            <update>
              <path>self::node()</path>
              <context>self</context>
            </update>
            <delete>NULL</delete>
          </actions>
        </properties>
        <children/>
      </element>
      <element name="doi">
        <properties>
          <type>textfield</type>
          <access>TRUE</access>
          <collapsed>FALSE</collapsed>
          <collapsible>FALSE</collapsible>
          <disabled>FALSE</disabled>
          <executes_submit_callback>FALSE</executes_submit_callback>
          <multiple>FALSE</multiple>
          <required>FALSE</required>
          <resizable>FALSE</resizable>
          <title>DOI</title>
          <tree>TRUE</tree>
          <actions>
            <create>
              <path>self::node()</path>
              <context>parent</context>
              <schema/>
              <type>xml</type>
              <prefix>NULL</prefix>
              <value>&lt;identifier type="doi"&gt;%value%&lt;/identifier&gt;</value>
            </create>
            <read>
              <path>mods:identifier[@type="doi"]</path>
              <context>parent</context>
            </read>
            <update>
              <path>self::node()</path>
              <context>self</context>
            </update>
            <delete>NULL</delete>
          </actions>
        </properties>
        <children/>
      </element>
      <element name="location">
        <properties>
          <type>textarea</type>
          <access>TRUE</access>
          <collapsed>FALSE</collapsed>
          <collapsible>FALSE</collapsible>
          <disabled>FALSE</disabled>
          <executes_submit_callback>FALSE</executes_submit_callback>
          <multiple>FALSE</multiple>
          <required>FALSE</required>
          <resizable>FALSE</resizable>
          <title>Location (URL)</title>
          <tree>TRUE</tree>
          <actions>
            <create>
              <path>self::node()</path>
              <context>parent</context>
              <schema/>
              <type>xml</type>
              <prefix>NULL</prefix>
              <value>&lt;location&gt;&lt;url&gt;%value%&lt;/url&gt;&lt;/location&gt;</value>
            </create>
            <read>
              <path>mods:location/mods:url</path>
              <context>parent</context>
            </read>
            <update>
              <path>self::node()</path>
              <context>self</context>
            </update>
            <delete>NULL</delete>
          </actions>
        </properties>
        <children/>
      </element>
      <element name="extension">
        <properties>
          <type>markup</type>
          <access>TRUE</access>
          <collapsed>FALSE</collapsed>
          <collapsible>FALSE</collapsible>
          <disabled>FALSE</disabled>
          <executes_submit_callback>FALSE</executes_submit_callback>
          <multiple>FALSE</multiple>
          <required>FALSE</required>
          <resizable>FALSE</resizable>
          <tree>TRUE</tree>
          <actions>
            <create>
              <path>self::node()</path>
              <context>parent</context>
              <schema/>
              <type>element</type>
              <prefix>NULL</prefix>
              <value>extension</value>
            </create>
            <read>
              <path>mods:extension[last()]</path>
              <context>parent</context>
            </read>
            <update>
              <path>self::node()</path>
              <context>self</context>
            </update>
            <delete>NULL</delete>
          </actions>
        </properties>
        <children>
          <element name="agency">
            <properties>
              <type>textfield</type>
              <access>TRUE</access>
              <collapsed>FALSE</collapsed>
              <collapsible>FALSE</collapsible>
              <disabled>FALSE</disabled>
              <executes_submit_callback>FALSE</executes_submit_callback>
              <multiple>FALSE</multiple>
              <required>FALSE</required>
              <resizable>FALSE</resizable>
              <title>Agency Name</title>
              <tree>TRUE</tree>
              <actions>
                <create>
                  <path>self::node()</path>
                  <context>parent</context>
                  <schema/>
                  <type>xml</type>
                  <prefix>NULL</prefix>
                  <value>&lt;agency&gt;%value%&lt;/agency&gt;</value>
                </create>
                <read>
                  <path>mods:agency</path>
                  <context>parent</context>
                </read>
                <update>
                  <path>self::node()</path>
                  <context>self</context>
                </update>
                <delete>NULL</delete>
              </actions>
            </properties>
            <children/>
          </element>
          <element name="localNote">
            <properties>
              <type>textfield</type>
              <access>TRUE</access>
              <collapsed>FALSE</collapsed>
              <collapsible>FALSE</collapsible>
              <disabled>FALSE</disabled>
              <executes_submit_callback>FALSE</executes_submit_callback>
              <multiple>FALSE</multiple>
              <required>FALSE</required>
              <resizable>FALSE</resizable>
              <title>Local Note</title>
              <tree>TRUE</tree>
              <actions>
                <create>
                  <path>self::node()</path>
                  <context>parent</context>
                  <schema/>
                  <type>xml</type>
                  <prefix>NULL</prefix>
                  <value>&lt;note type="localNote"&gt;%value%&lt;/note&gt;</value>
                </create>
                <read>
                  <path>mods:note[@type="localNote"]</path>
                  <context>parent</context>
                </read>
                <update>
                  <path>self::node()</path>
                  <context>self</context>
                </update>
                <delete>NULL</delete>
              </actions>
            </properties>
            <children/>
          </element>
          <element name="doiStatus">
            <properties>
              <type>textfield</type>
              <access>TRUE</access>
              <collapsed>FALSE</collapsed>
              <collapsible>FALSE</collapsible>
              <description>Enter DOI processing status here, e.g. Forward to cataloger or forward to metadata librarian.</description>
              <disabled>FALSE</disabled>
              <executes_submit_callback>FALSE</executes_submit_callback>
              <multiple>FALSE</multiple>
              <required>FALSE</required>
              <resizable>FALSE</resizable>
              <title>DOI Processing Status</title>
              <tree>TRUE</tree>
              <actions>
                <create>
                  <path>self::node()</path>
                  <context>parent</context>
                  <schema/>
                  <type>xml</type>
                  <prefix>NULL</prefix>
                  <value>&lt;note type="doiStatus"&gt;%value%&lt;/note&gt;</value>
                </create>
                <read>
                  <path>mods:note[@type="doiStatus"]</path>
                  <context>parent</context>
                </read>
                <update>
                  <path>self::node()</path>
                  <context>self</context>
                </update>
                <delete>NULL</delete>
              </actions>
            </properties>
            <children/>
          </element>
          <element name="doiDateCreated">
            <properties>
              <type>textfield</type>
              <access>TRUE</access>
              <collapsed>FALSE</collapsed>
              <collapsible>FALSE</collapsible>
              <description>Enter DOI minting date in the format YYYY-MM-DD.</description>
              <disabled>FALSE</disabled>
              <executes_submit_callback>FALSE</executes_submit_callback>
              <multiple>FALSE</multiple>
              <required>FALSE</required>
              <resizable>FALSE</resizable>
              <title>DOI Minting Date</title>
              <tree>TRUE</tree>
              <actions>
                <create>
                  <path>self::node()</path>
                  <context>parent</context>
                  <schema/>
                  <type>xml</type>
                  <prefix>NULL</prefix>
                  <value>&lt;doiDateCreated encoding="w3cdtf"&gt;%value%&lt;/doiDateCreated&gt;</value>
                </create>
                <read>
                  <path>mods:doiDateCreated[encoding="w3cdtf"]</path>
                  <context>parent</context>
                </read>
                <update>
                  <path>self::node()</path>
                  <context>self</context>
                </update>
                <delete>NULL</delete>
              </actions>
            </properties>
            <children/>
          </element>
        </children>
      </element>
    </children>
  </form>
</definition>
