{
    "product_id": "341",
    "ac22_approved_for_public": "1",
    "primary_station": "FPL",
    "historical_station": "NRS",
    "entrystatus": "Published to Web",
    "product_type_id": "1",
    "product_type_desc": "Publication",
    "product_subtype_id": null,
    "product_subtype_desc": null,
    "referee_status_id": "2",
    "status_name": "Informally Refereed (Peer-Reviewed)",
    "pub_type_id": "1",
    "pub_type_desc": "Scientific Journal (JRNL)",
    "title": "A method countries can use to estimate changes in carbon stored in harvested wood products and the uncertainty of such estimates",
    "product_year": " 2004",
    "abstract": "A method is suggested for estimating additions to carbon stored in harvested wood products (HWP) and for evaluating uncertainty. The method uses data on HWP production and trade from several decades and tracks annual additions to pools of HWP in use, removals from use, additions to solid waste disposal sites (SWDS), and decay from SWDS. The method is consistent with IPCC guidance for estimating emissions from SWDS. Uncertainty is postulated in the form of probability density functions for 14 variables, using Monte Carlo simulation.",
    "citation": "Skog, Kenneth E.; Pingoud, Kim; Smith, James E. 2004. A method countries can use to estimate changes in carbon stored in harvested wood products and the uncertainty of such estimates.  Environmental Management. 33(Supplement 1): S65-S73.",
    "keywords": "carbon sequestration, harvested wood products, estimation methods",
    "doi": null,
    "url_binary_file": "https://www.nrs.fs.fed.us/pubs/jrnl/2004/ne_2004_skog_001.pdf",
    "binary_filesize": "371.0 KB",
    "url_landing_page": "https://www.fs.usda.gov/treesearch/pubs/13977",
    "treesearch_pub_id": "13977",
    "pub_parent_id": null,
    "pub_child_number": null,
    "pub_parent_ind": "0",
    "pub_publication": "Environmental Management. 33(Supplement 1): S65-S73.",
    "proceedings_ind": "0",
    "pub_volume": "33",
    "pub_issue": null,
    "pub_page": "s65-s73",
    "pub_page_start": null,
    "pub_page_end": null,
    "pub_source": "T",
    "geographic_terms": null,
    "issn_id": null,
    "is_early_release": "0",
    "created_on": "01-APR-2008 00:00:00",
    "modified_on": "24-SEP-2019 11:14:38",
    "send_to_reviewer_ind": "A",
    "publish_to_web_ind": "Y",
    "send_to_reviewer": null,
    "child_publications": "",
    "national_research_taxonomy_elements": "",
    "pub_authors": [
        {
            "name": "Skog, Kenneth E.",
            "station_id": "FPL",
            "unit_id": "4851",
            "team_id": "",
            "alias": "kskog",
            "user_id": "33",
            "is_employee_active": "0",
            "is_researcher": "1",
            "author_order": "1"
        },
        {
            "name": "Pingoud, Kim",
            "station_id": "",
            "unit_id": "",
            "team_id": "",
            "alias": "",
            "user_id": "",
            "is_employee_active": "0",
            "is_researcher": "0",
            "author_order": "2"
        },
        {
            "name": "Smith, James E.",
            "station_id": "NRS",
            "unit_id": "FIA",
            "team_id": "",
            "alias": "jsmith11",
            "user_id": "582",
            "is_employee_active": "1",
            "is_researcher": "1",
            "author_order": "3"
        }
    ],
    "current_organizational_memberships": [
        {
            "name": "Skog, Kenneth E.",
            "station_id": "FPL",
            "unit_id": "4851",
            "team_id": "",
            "alias": "kskog",
            "user_id": "33",
            "is_employee_active": "0",
            "is_researcher": "1",
            "author_order": "1"
        },
        {
            "name": "Pingoud, Kim",
            "station_id": "",
            "unit_id": "",
            "team_id": "",
            "alias": "",
            "user_id": "",
            "is_employee_active": "0",
            "is_researcher": "0",
            "author_order": "2"
        },
        {
            "name": "Smith, James E.",
            "station_id": "NRS",
            "unit_id": "FIA",
            "team_id": "",
            "alias": "jsmith11",
            "user_id": "582",
            "is_employee_active": "1",
            "is_researcher": "1",
            "author_order": "3"
        }
    ],
    "strategic_program_areas": "",
    "cris_projects": "",
    "experimental_forests": "",
    "eco_regions": "",
    "latlongs": "",
    "usnatforests": "",
    "countystates": ""
}