{
    "product_id": "1752",
    "ac22_approved_for_public": "1",
    "primary_station": "NRS",
    "historical_station": "NRS",
    "entrystatus": "Published to Web",
    "product_type_id": "1",
    "product_type_desc": "Publication",
    "product_subtype_id": null,
    "product_subtype_desc": null,
    "referee_status_id": "2",
    "status_name": "Informally Refereed (Peer-Reviewed)",
    "pub_type_id": "1",
    "pub_type_desc": "Scientific Journal (JRNL)",
    "title": "Assessment of Residual Stand Quality and Regeneration Following Shelterwood Cutting in Central Appalachian Hardwoods",
    "product_year": " 1998",
    "abstract": "Partial cutting to develop two-age stands is a relatively new practice in the central Appalachian region, and forest managers need quantitative information in order to evaluate how well it meets management objectives. Typically, this practice leaves a residual overstory of 10 to 40 ft<sup>2</sup> per ac of basal area and leads to regeneration of desirable shade-intolerant species which comprise the second age class. 1n this study we evaluated residual tree quality and regeneration 2 to 5 yr after cutting in 20 stands on the Monongahela National Forest in West Virginia. Tree grades were not significantly affected by the cutting. The largest grade reductions, due primarily to epicormic branching and logging wounds, occurred with large white oak sawtimber (11%) and white ash small sawtimber (10%). Epicormic branching following the cut was greatest for white oaks in the suppressed and intermediate crown classes. Across all species, the trees in the lower crown classes produced the greatest number of epicormic branches. Overall, epicormicbranching on the 16ft butt logs of dominant and codominant trees was low. For white oak (<i>Quercus alba</i>), 64% of these trees produced no epicormic branches. But 75% of yellow-poplars (<i>Liriodendron tulipifera</i>), 82% of black cherries (<i>Prunus serotina</i>), 78% of northern red oaks (<i>Quercus rubra</i>), and 89% of white ashes (<i>Fraxinus americana</i>) produced no epicormic branches on butt logs. Logging wounds occurred on 45% of the residual trees across the 20 stands, but 21% had large, wounds over 100 in<sup>2</sup>. Regeneration of both shade- intolerant and tolerant species was prolific following the cutting. Total numbers of tree seedlings and sprouts ranged from 8,217 stems/ac in the mixed oak stands of the Ridge and Valley Province to 30,845 stems/ac in the beech-cherry-maple stands in the Allegheny Mountains. The birches, primarily sweet birch (<i>Betula lenta</i>), comprised the most abundant species across the study area, but speciescomposition varied depending on forest cover type. Regeneration numbers were lowest in the mixed oak stands in the Ridge and Valley Province.",
    "citation": "Johnson, James E.; Miller, Gary W.; Baumgras, John E.; West, Cynthia D. 1998. Assessment of Residual Stand Quality and Regeneration Following Shelterwood Cutting in Central Appalachian Hardwoods.  Northern Journal of Applied Forestry. 15(4): 203-210.",
    "keywords": "",
    "doi": null,
    "url_binary_file": "https://www.fs.fed.us/ne/newtown_square/publications/other_publishers/OCR/ne_1998_johnson001.pdf",
    "binary_filesize": "787.0 KB",
    "url_landing_page": "https://www.fs.usda.gov/treesearch/pubs/22184",
    "treesearch_pub_id": "22184",
    "pub_parent_id": null,
    "pub_child_number": null,
    "pub_parent_ind": "0",
    "pub_publication": "Northern Journal of Applied Forestry. 15(4): 203-210.",
    "proceedings_ind": "0",
    "pub_volume": "15",
    "pub_issue": "4",
    "pub_page": "203-210",
    "pub_page_start": null,
    "pub_page_end": null,
    "pub_source": "T",
    "geographic_terms": null,
    "issn_id": null,
    "is_early_release": "0",
    "created_on": null,
    "modified_on": "15-SEP-2016 11:05:41",
    "send_to_reviewer_ind": "A",
    "publish_to_web_ind": "Y",
    "send_to_reviewer": null,
    "child_publications": "",
    "national_research_taxonomy_elements": [
        {
            "nrt_id": "62",
            "nrt_title": "Timber"
        }
    ],
    "pub_authors": [
        {
            "name": "Johnson, James E.",
            "station_id": "",
            "unit_id": "",
            "team_id": "",
            "alias": "",
            "user_id": "",
            "is_employee_active": "0",
            "is_researcher": "0",
            "author_order": "1"
        },
        {
            "name": "Miller, Gary W.",
            "station_id": "NRS",
            "unit_id": "3",
            "team_id": "",
            "alias": "gwmiller",
            "user_id": "679",
            "is_employee_active": "0",
            "is_researcher": "1",
            "author_order": "2"
        },
        {
            "name": "Baumgras, John E.",
            "station_id": "NRS",
            "unit_id": "3",
            "team_id": "",
            "alias": "",
            "user_id": "",
            "is_employee_active": "0",
            "is_researcher": "0",
            "author_order": "3"
        },
        {
            "name": "West, Cynthia D.",
            "station_id": "PNW",
            "unit_id": "SD",
            "team_id": "",
            "alias": "cdwest",
            "user_id": "934",
            "is_employee_active": "1",
            "is_researcher": "0",
            "author_order": "4"
        }
    ],
    "current_organizational_memberships": [
        {
            "name": "Johnson, James E.",
            "station_id": "",
            "unit_id": "",
            "team_id": "",
            "alias": "",
            "user_id": "",
            "is_employee_active": "0",
            "is_researcher": "0",
            "author_order": "1"
        },
        {
            "name": "Miller, Gary W.",
            "station_id": "NRS",
            "unit_id": "3",
            "team_id": "",
            "alias": "gwmiller",
            "user_id": "679",
            "is_employee_active": "0",
            "is_researcher": "1",
            "author_order": "2"
        },
        {
            "name": "Baumgras, John E.",
            "station_id": "NRS",
            "unit_id": "3",
            "team_id": "",
            "alias": "",
            "user_id": "",
            "is_employee_active": "0",
            "is_researcher": "0",
            "author_order": "3"
        },
        {
            "name": "West, Cynthia D.",
            "station_id": "NRS",
            "unit_id": "DIR",
            "team_id": "",
            "alias": "cdwest",
            "user_id": "934",
            "is_employee_active": "1",
            "is_researcher": "0",
            "author_order": "4"
        },
        {
            "name": "West, Cynthia D.",
            "station_id": "FPL",
            "unit_id": "DO",
            "team_id": "",
            "alias": "cdwest",
            "user_id": "934",
            "is_employee_active": "1",
            "is_researcher": "0",
            "author_order": "4"
        }
    ],
    "strategic_program_areas": "",
    "cris_projects": "",
    "experimental_forests": "",
    "eco_regions": "",
    "latlongs": "",
    "usnatforests": "",
    "countystates": ""
}