{
    "product_id": "596",
    "ac22_approved_for_public": "1",
    "primary_station": "FPL",
    "historical_station": "FPL",
    "entrystatus": "Published to Web",
    "product_type_id": "1",
    "product_type_desc": "Publication",
    "product_subtype_id": null,
    "product_subtype_desc": null,
    "referee_status_id": "2",
    "status_name": "Informally Refereed (Peer-Reviewed)",
    "pub_type_id": "8",
    "pub_type_desc": "Research Note (RN)",
    "title": "Reduction of Oxidative Stain in Ochoó (Hura crepitans L.) = Reducción de la Mancha de Oxidación en Ochoó (Hura crepitans L.)",
    "product_year": " 2007",
    "abstract": "The sapwood of ochoó (Hura crepitans) suffers from an oxidative stain that results in substantial loss in value, making it one of the most important utilization problems encountered among Bolivian timber species. Initiating kiln drying within 6 days of felling did not reduce staining of ochoó, although many boards with extensive interior stain had bright surfaces, so it is possible that immediate drying might reduce or eliminate discoloration. Shock treatments did not reduce staining either, except for the localized effects of surface hammering. Eighteen-hour treatment with a 5% solution of sodium metabisulfite reduced stain, although penetration was limited in many samples.",
    "citation": "Wiemann, Michael C.; Knaebe, Mark. 2007. Reduction of Oxidative Stain in Ochoó (Hura crepitans L.) = Reducción de la Mancha de Oxidación en Ochoó (Hura crepitans L.).  Research Note FPL-RN-0306. Madison, WI: U.S. Department of Agriculture, Forest Service, Forest Products Laboratory. 23 pages.",
    "keywords": "Ocho , Hura crepitans, oxidative stain, discoloration, compression, vibration, shock treatment, sodium metabisulfite, sulfite",
    "doi": "10.2737/FPL-RN-306",
    "url_binary_file": "https://www.fpl.fs.fed.us/documnts/fplrn/fpl_rn306.pdf",
    "binary_filesize": "2.0 MB",
    "url_landing_page": "https://www.fs.usda.gov/treesearch/pubs/28977",
    "treesearch_pub_id": "28977",
    "pub_parent_id": null,
    "pub_child_number": null,
    "pub_parent_ind": "0",
    "pub_publication": "Research Note FPL-RN-0306. Madison, WI: U.S. Department of Agriculture, Forest Service, Forest Products Laboratory. 23 pages.",
    "proceedings_ind": "0",
    "pub_volume": "306",
    "pub_issue": null,
    "pub_page": null,
    "pub_page_start": null,
    "pub_page_end": null,
    "pub_source": "T",
    "geographic_terms": null,
    "issn_id": null,
    "is_early_release": "0",
    "created_on": "08-NOV-2007 16:32:03",
    "modified_on": "08-NOV-2007 16:34:50",
    "send_to_reviewer_ind": "A",
    "publish_to_web_ind": "Y",
    "send_to_reviewer": null,
    "child_publications": "",
    "national_research_taxonomy_elements": "",
    "pub_authors": [
        {
            "name": "Wiemann, Michael C.",
            "station_id": "FPL",
            "unit_id": "4714",
            "team_id": "",
            "alias": "mwiemann",
            "user_id": "67",
            "is_employee_active": "1",
            "is_researcher": "1",
            "author_order": "1"
        },
        {
            "name": "Knaebe, Mark",
            "station_id": "",
            "unit_id": "",
            "team_id": "",
            "alias": "mknaebe",
            "user_id": "147",
            "is_employee_active": "1",
            "is_researcher": "0",
            "author_order": "2"
        }
    ],
    "current_organizational_memberships": [
        {
            "name": "Wiemann, Michael C.",
            "station_id": "FPL",
            "unit_id": "4715",
            "team_id": "",
            "alias": "mwiemann",
            "user_id": "67",
            "is_employee_active": "1",
            "is_researcher": "1",
            "author_order": "1"
        },
        {
            "name": "Knaebe, Mark",
            "station_id": "FPL",
            "unit_id": "TMU",
            "team_id": "",
            "alias": "mknaebe",
            "user_id": "147",
            "is_employee_active": "1",
            "is_researcher": "0",
            "author_order": "2"
        }
    ],
    "strategic_program_areas": "",
    "cris_projects": "",
    "experimental_forests": "",
    "eco_regions": "",
    "latlongs": "",
    "usnatforests": "",
    "countystates": ""
}