{
    "product_id": "1999",
    "ac22_approved_for_public": "1",
    "primary_station": "FPL",
    "historical_station": "OTHER",
    "entrystatus": "Published to Web",
    "product_type_id": "1",
    "product_type_desc": "Publication",
    "product_subtype_id": null,
    "product_subtype_desc": null,
    "referee_status_id": "2",
    "status_name": "Informally Refereed (Peer-Reviewed)",
    "pub_type_id": "53",
    "pub_type_desc": "Miscellaneous Publication",
    "title": "Forest products research and development organizations : organization, governance, and measures of performance in a worldwide setting",
    "product_year": " 2007",
    "abstract": "The ability of forest products research and development organizations to contribute to a nation’s well-being requires that they be well organized, effectively managed, and held to high standards of performance. In order to obtain a better understanding of how such organizations are structured and administered, and how they judge organizational performance, a review of forest products and related research organizations beyond the boundaries of the United States was undertaken in 2004-2005. Ninety-three research organizations were initially identified for review, 40 of which were selected for in-depth examination (located in 23 countries) (Table 1). They were selected in order to: (a) provide a sampling of organizations operating in various countries worldwide, (b) enable review of publicly and privately sponsored organizations, and (c) permit access to a diversity of organizational structures and administrative procedures. The lead administrator of each organization was given an opportunity to review the draft narrative describing the organization. In addition, each lead administrator was asked to provide advice about structural, managerial, and performance conditions that are considered necessary if a forest products research and development organization is to accomplish its mission. Thirty administrators of the 40 organizations reviewed willingly provided commentaries.",
    "citation": "Ellefson, Paul V.; Kilgore, M.A.; Skog, Kenneth E.; Risbrudt, Christopher D. 2007. Forest products research and development organizations : organization, governance, and measures of performance in a worldwide setting.  Forest products journal.  Vol. 5, no. 10 (Oct. 2007): Pages 6-13",
    "keywords": "Research projects, commercial products, testing, forest products, research, research institutes, directories, performance standards, review article, management, policies, programs, forest products laboratories, product testing",
    "doi": null,
    "url_binary_file": "https://www.fpl.fs.fed.us/documnts/pdf2007/fpl_2007_ellefson001.pdf",
    "binary_filesize": "453 KB",
    "url_landing_page": "https://www.fs.usda.gov/treesearch/pubs/29785",
    "treesearch_pub_id": "29785",
    "pub_parent_id": null,
    "pub_child_number": null,
    "pub_parent_ind": "0",
    "pub_publication": "Forest products journal.  Vol. 5, no. 10 (Oct. 2007): Pages 6-13",
    "proceedings_ind": "0",
    "pub_volume": null,
    "pub_issue": null,
    "pub_page": null,
    "pub_page_start": null,
    "pub_page_end": null,
    "pub_source": "T",
    "geographic_terms": null,
    "issn_id": null,
    "is_early_release": "0",
    "created_on": "16-APR-2008 09:59:31",
    "modified_on": "21-APR-2008 15:40:58",
    "send_to_reviewer_ind": "A",
    "publish_to_web_ind": "Y",
    "send_to_reviewer": null,
    "child_publications": "",
    "national_research_taxonomy_elements": "",
    "pub_authors": [
        {
            "name": "Ellefson, Paul V.",
            "station_id": "",
            "unit_id": "",
            "team_id": "",
            "alias": "",
            "user_id": "",
            "is_employee_active": "0",
            "is_researcher": "0",
            "author_order": "1"
        },
        {
            "name": "Kilgore, M.A.",
            "station_id": "",
            "unit_id": "",
            "team_id": "",
            "alias": "",
            "user_id": "",
            "is_employee_active": "0",
            "is_researcher": "0",
            "author_order": "2"
        },
        {
            "name": "Skog, Kenneth E.",
            "station_id": "FPL",
            "unit_id": "4851",
            "team_id": "",
            "alias": "kskog",
            "user_id": "33",
            "is_employee_active": "0",
            "is_researcher": "1",
            "author_order": "3"
        },
        {
            "name": "Risbrudt, Christopher D.",
            "station_id": "",
            "unit_id": "",
            "team_id": "",
            "alias": "",
            "user_id": "",
            "is_employee_active": "0",
            "is_researcher": "0",
            "author_order": "4"
        }
    ],
    "current_organizational_memberships": [
        {
            "name": "Ellefson, Paul V.",
            "station_id": "",
            "unit_id": "",
            "team_id": "",
            "alias": "",
            "user_id": "",
            "is_employee_active": "0",
            "is_researcher": "0",
            "author_order": "1"
        },
        {
            "name": "Kilgore, M.A.",
            "station_id": "",
            "unit_id": "",
            "team_id": "",
            "alias": "",
            "user_id": "",
            "is_employee_active": "0",
            "is_researcher": "0",
            "author_order": "2"
        },
        {
            "name": "Skog, Kenneth E.",
            "station_id": "FPL",
            "unit_id": "4851",
            "team_id": "",
            "alias": "kskog",
            "user_id": "33",
            "is_employee_active": "0",
            "is_researcher": "1",
            "author_order": "3"
        },
        {
            "name": "Risbrudt, Christopher D.",
            "station_id": "",
            "unit_id": "",
            "team_id": "",
            "alias": "",
            "user_id": "",
            "is_employee_active": "0",
            "is_researcher": "0",
            "author_order": "4"
        }
    ],
    "strategic_program_areas": "",
    "cris_projects": "",
    "experimental_forests": "",
    "eco_regions": "",
    "latlongs": "",
    "usnatforests": "",
    "countystates": ""
}