{
    "product_id": "1697",
    "ac22_approved_for_public": "1",
    "primary_station": "FPL",
    "historical_station": "OTHER",
    "entrystatus": "Published to Web",
    "product_type_id": "1",
    "product_type_desc": "Publication",
    "product_subtype_id": null,
    "product_subtype_desc": null,
    "referee_status_id": "2",
    "status_name": "Informally Refereed (Peer-Reviewed)",
    "pub_type_id": "53",
    "pub_type_desc": "Miscellaneous Publication",
    "title": "Surface characterization of weathered wood-plastic composites produced from modified wood flour",
    "product_year": " 2007",
    "abstract": "The effects of weathering on the surface properties of wood-plastic composites (WPC) were examined. High-density polyethylene (HDPE) based WPCs made from modified wood flour (untreated, extractives free, and holocellulose (delignified) fibers) were subjected to accelerated (xenon-arc) weathering. Colorimetry and Fourier-transform infrared spectroscopy were employed to monitor the color change and surface chemistries of the weathered WPC surface. The compositional change that occurred on the WPC surface was determined using pyrolysis GC-MS analysis. The study showed that longer exposure time caused higher oxidation, lower wood lignin and higher plastic content of the weathered WPC surface. From this study, the use of holocellulose fibers improved the weathering performance (color) of WPCs.",
    "citation": "Fabiyi, James S.; McDonald, Armando G.; Stark, Nicole M. 2007. Surface characterization of weathered wood-plastic composites produced from modified wood flour. In: Stark, Nicole M., Ed. Proceedings of Ninth International Conference on wood & biofiber plastic composites. 2007 May 21-23;  Madison, WI.  Madison, WI: Forest Products Society: 7224: 271-275. ISBN 1892529505: 9781892529503.",
    "keywords": "Fourier transform infrared spectroscopy, colorimetry, accelerated life testing, composite materials, deterioration, wood plastic composites, wood flour, color fading, mechanical properties, polyethylene, weathering, pyrolysis, high density polyethylene, photodegradation, accelerated testing, discoloration, wood-plastic materials, surface properties",
    "doi": null,
    "url_binary_file": "https://www.fpl.fs.fed.us/documnts/pdf2007/fpl_2007_fabiyi001.pdf",
    "binary_filesize": "891 KB",
    "url_landing_page": "https://www.fs.usda.gov/treesearch/pubs/29793",
    "treesearch_pub_id": "29793",
    "pub_parent_id": null,
    "pub_child_number": null,
    "pub_parent_ind": "0",
    "pub_publication": "9th International Conference on Wood & Biofiber Plastic Composites : May 21-23, 2007 ... Madison, Wisconsin, USA.  Madison, Wis. : Forest Products Society, 2007: Pages 271-275",
    "proceedings_ind": "0",
    "pub_volume": null,
    "pub_issue": null,
    "pub_page": null,
    "pub_page_start": null,
    "pub_page_end": null,
    "pub_source": "T",
    "geographic_terms": null,
    "issn_id": null,
    "is_early_release": "0",
    "created_on": "16-APR-2008 11:29:58",
    "modified_on": "30-DEC-2008 00:00:00",
    "send_to_reviewer_ind": "A",
    "publish_to_web_ind": "Y",
    "send_to_reviewer": null,
    "child_publications": "",
    "national_research_taxonomy_elements": "",
    "pub_authors": [
        {
            "name": "Fabiyi, James S.",
            "station_id": "",
            "unit_id": "",
            "team_id": "",
            "alias": "",
            "user_id": "",
            "is_employee_active": "0",
            "is_researcher": "0",
            "author_order": "1"
        },
        {
            "name": "McDonald, Armando G.",
            "station_id": "",
            "unit_id": "",
            "team_id": "",
            "alias": "",
            "user_id": "",
            "is_employee_active": "0",
            "is_researcher": "0",
            "author_order": "2"
        },
        {
            "name": "Stark, Nicole M.",
            "station_id": "FPL",
            "unit_id": "4706",
            "team_id": "",
            "alias": "nstark",
            "user_id": "60",
            "is_employee_active": "1",
            "is_researcher": "1",
            "author_order": "3"
        }
    ],
    "current_organizational_memberships": [
        {
            "name": "Fabiyi, James S.",
            "station_id": "",
            "unit_id": "",
            "team_id": "",
            "alias": "",
            "user_id": "",
            "is_employee_active": "0",
            "is_researcher": "0",
            "author_order": "1"
        },
        {
            "name": "McDonald, Armando G.",
            "station_id": "",
            "unit_id": "",
            "team_id": "",
            "alias": "",
            "user_id": "",
            "is_employee_active": "0",
            "is_researcher": "0",
            "author_order": "2"
        },
        {
            "name": "Stark, Nicole M.",
            "station_id": "FPL",
            "unit_id": "4706",
            "team_id": "",
            "alias": "nstark",
            "user_id": "60",
            "is_employee_active": "1",
            "is_researcher": "1",
            "author_order": "3"
        }
    ],
    "strategic_program_areas": "",
    "cris_projects": "",
    "experimental_forests": "",
    "eco_regions": "",
    "latlongs": "",
    "usnatforests": "",
    "countystates": ""
}