{
    "product_id": "2228",
    "ac22_approved_for_public": "1",
    "primary_station": "FPL",
    "historical_station": "OTHER",
    "entrystatus": "Published to Web",
    "product_type_id": "1",
    "product_type_desc": "Publication",
    "product_subtype_id": null,
    "product_subtype_desc": null,
    "referee_status_id": "2",
    "status_name": "Informally Refereed (Peer-Reviewed)",
    "pub_type_id": "53",
    "pub_type_desc": "Miscellaneous Publication",
    "title": "Shuffling of promoters for multiple genes to optimize xylose fermentation in an engineered Saccharomyces cerevisiae strain",
    "product_year": " 2007",
    "abstract": null,
    "citation": "Lu, Chengfeng; Jeffries, Thomas. 2007. Shuffling of promoters for multiple genes to optimize xylose fermentation in an engineered Saccharomyces cerevisiae strain.  Applied and Environmental Microbiology. 73(19): 6072-6077.",
    "keywords": "",
    "doi": null,
    "url_binary_file": "https://www.fpl.fs.fed.us/documnts/pdf2007/fpl_2007_lu002.pdf",
    "binary_filesize": "258 KB",
    "url_landing_page": "https://www.fs.usda.gov/treesearch/pubs/29164",
    "treesearch_pub_id": "29164",
    "pub_parent_id": null,
    "pub_child_number": null,
    "pub_parent_ind": "0",
    "pub_publication": null,
    "proceedings_ind": "0",
    "pub_volume": null,
    "pub_issue": null,
    "pub_page": null,
    "pub_page_start": null,
    "pub_page_end": null,
    "pub_source": "T",
    "geographic_terms": null,
    "issn_id": null,
    "is_early_release": "0",
    "created_on": "18-DEC-2007 13:21:26",
    "modified_on": "31-DEC-2008 00:00:00",
    "send_to_reviewer_ind": "A",
    "publish_to_web_ind": "Y",
    "send_to_reviewer": null,
    "child_publications": "",
    "national_research_taxonomy_elements": "",
    "pub_authors": [
        {
            "name": "Lu, Chengfeng",
            "station_id": "",
            "unit_id": "",
            "team_id": "",
            "alias": "",
            "user_id": "",
            "is_employee_active": "0",
            "is_researcher": "0",
            "author_order": "1"
        },
        {
            "name": "Jeffries, Thomas",
            "station_id": "FPL",
            "unit_id": "4712",
            "team_id": "",
            "alias": "twjeffries",
            "user_id": "64",
            "is_employee_active": "0",
            "is_researcher": "1",
            "author_order": "2"
        }
    ],
    "current_organizational_memberships": [
        {
            "name": "Lu, Chengfeng",
            "station_id": "",
            "unit_id": "",
            "team_id": "",
            "alias": "",
            "user_id": "",
            "is_employee_active": "0",
            "is_researcher": "0",
            "author_order": "1"
        },
        {
            "name": "Jeffries, Thomas",
            "station_id": "FPL",
            "unit_id": "4712",
            "team_id": "",
            "alias": "twjeffries",
            "user_id": "64",
            "is_employee_active": "0",
            "is_researcher": "1",
            "author_order": "2"
        }
    ],
    "strategic_program_areas": "",
    "cris_projects": "",
    "experimental_forests": "",
    "eco_regions": "",
    "latlongs": "",
    "usnatforests": "",
    "countystates": ""
}