{
    "product_id": "3178",
    "ac22_approved_for_public": "1",
    "primary_station": "FPL",
    "historical_station": "OTHER",
    "entrystatus": "Published to Web",
    "product_type_id": "1",
    "product_type_desc": "Publication",
    "product_subtype_id": null,
    "product_subtype_desc": null,
    "referee_status_id": "2",
    "status_name": "Informally Refereed (Peer-Reviewed)",
    "pub_type_id": "53",
    "pub_type_desc": "Miscellaneous Publication",
    "title": "Cornstalk as a source of fiber and energy",
    "product_year": " 2006",
    "abstract": "Wood is the major source of fiber supply. Non-wood fibers are mainly used in papermaking where there is a lack of forest resource such as in China and India. Cornstalk, among the agricultural residues and other non-wood fiber, is the most promising source of fiber. However, The usage of cornstalks is very limited in pulp and paper industry, although nearly 284 million tons/year are available worldwide, including 150 million tons/year in the United States. Cornstalk contains about 27% hemicelluloses, which is higher than most of the hardwoods and non-wood fiber materials. Preservation of hemicelluloses in papermaking fiber is important for increased fiber-to-fiber bonding and pulp yield. Unfortunately, in conventional pulping process, most of the hemicelluloses are degraded and ends up in pulping liquor. The calorific value of hemicelluloses derivatives in black liquor is very low compare to lignin derivatives. A value added alternative is to partially extract hemicellulose in cornstalk prior to pulping by dilute acid hydrolysis in the form of sugar suitable for fermentation into ethanol without reducing fiber quality. Dilute acid hydrolysis process under various conditions has been applied for partial removal of hemicelluloses. The residual materials were pulped using soda-AQ process. The separation of hemicelluloses is optimized to protect the paper strength properties.",
    "citation": "Ahmed, Aziz; Zhu, J. Y. 2006. Cornstalk as a source of fiber and energy.  Proceedings of 3rd International Symposium on Emerging Technology of Pulping and Papermaking, 2006 November 8-10, Guangzhou, China.  Guangzhou, China : South China University of Technology Press, 2006.  New technologies in non-wood fiber pulping and papermaking: pages 1-4.",
    "keywords": "Alcohol, hydrolysis, agricultural wastes, utilization, plant fibers, papermaking, cornstalks, fibers, hemicellulose, pulping, biomass energy, plant extracts, fermentation, renewable energy sources, pulp and paper processes",
    "doi": null,
    "url_binary_file": "https://www.fpl.fs.fed.us/documnts/pdf2006/fpl_2006_ahmed001.pdf",
    "binary_filesize": "83 KB",
    "url_landing_page": "https://www.fs.usda.gov/treesearch/pubs/29261",
    "treesearch_pub_id": "29261",
    "pub_parent_id": null,
    "pub_child_number": null,
    "pub_parent_ind": "0",
    "pub_publication": "Proceedings of 3rd International Symposium on Emerging Technology of Pulping and Papermaking, 2006 November 8-10, Guangzhou, China.  Guangzhou, China : South China University of Technology Press, 2006.  New technologies in non-wood fiber pulping and papermaking: pages 1-4.",
    "proceedings_ind": "0",
    "pub_volume": null,
    "pub_issue": null,
    "pub_page": null,
    "pub_page_start": null,
    "pub_page_end": null,
    "pub_source": "T",
    "geographic_terms": null,
    "issn_id": null,
    "is_early_release": "0",
    "created_on": "08-JAN-2008 15:00:45",
    "modified_on": "08-JAN-2008 15:05:29",
    "send_to_reviewer_ind": "A",
    "publish_to_web_ind": "Y",
    "send_to_reviewer": null,
    "child_publications": "",
    "national_research_taxonomy_elements": "",
    "pub_authors": [
        {
            "name": "Ahmed, Aziz",
            "station_id": "",
            "unit_id": "",
            "team_id": "",
            "alias": "",
            "user_id": "",
            "is_employee_active": "0",
            "is_researcher": "0",
            "author_order": "1"
        },
        {
            "name": "Zhu, J. Y.",
            "station_id": "",
            "unit_id": "",
            "team_id": "",
            "alias": "",
            "user_id": "",
            "is_employee_active": "0",
            "is_researcher": "0",
            "author_order": "2"
        }
    ],
    "current_organizational_memberships": [
        {
            "name": "Ahmed, Aziz",
            "station_id": "",
            "unit_id": "",
            "team_id": "",
            "alias": "",
            "user_id": "",
            "is_employee_active": "0",
            "is_researcher": "0",
            "author_order": "1"
        },
        {
            "name": "Zhu, J. Y.",
            "station_id": "",
            "unit_id": "",
            "team_id": "",
            "alias": "",
            "user_id": "",
            "is_employee_active": "0",
            "is_researcher": "0",
            "author_order": "2"
        }
    ],
    "strategic_program_areas": "",
    "cris_projects": "",
    "experimental_forests": "",
    "eco_regions": "",
    "latlongs": "",
    "usnatforests": "",
    "countystates": ""
}