{
    "product_id": "2291",
    "ac22_approved_for_public": "1",
    "primary_station": "FPL",
    "historical_station": "OTHER",
    "entrystatus": "Published to Web",
    "product_type_id": "1",
    "product_type_desc": "Publication",
    "product_subtype_id": null,
    "product_subtype_desc": null,
    "referee_status_id": "2",
    "status_name": "Informally Refereed (Peer-Reviewed)",
    "pub_type_id": "53",
    "pub_type_desc": "Miscellaneous Publication",
    "title": "Initial preservative treatment of wood in covered bridges",
    "product_year": " 2005",
    "abstract": "The chapter provides information on treatment chemicals, pretreatment specifications, and pertinent standards that help specify wood for covered bridges that will resist biodeterioration.",
    "citation": "Morrell, Jeffrey J.; Lebow, Stan T. 2005. Initial preservative treatment of wood in covered bridges.  Covered bridge manual.  McLean, Va. : U.S. Dept. of Transportation, Federal Highway Administration, Research, Development and Technology, Turner-Fairbank Highway Research Center, [2005]: Pages 219-239.",
    "keywords": "Weathering, wood-decaying fungi, covered bridges, wooden bridges, wood preservatives, biodegradation, deterioration, insect pests, preservatives, wood decay",
    "doi": null,
    "url_binary_file": "https://www.fpl.fs.fed.us/documnts/pdf2005/fpl_2005_morrell001.pdf",
    "binary_filesize": "313 KB",
    "url_landing_page": "https://www.fs.usda.gov/treesearch/pubs/29176",
    "treesearch_pub_id": "29176",
    "pub_parent_id": null,
    "pub_child_number": null,
    "pub_parent_ind": "0",
    "pub_publication": "Covered bridge manual.  McLean, Va. : U.S. Dept. of Transportation, Federal Highway Administration, Research, Development and Technology, Turner-Fairbank Highway Research Center, [2005]: Pages 219-239.",
    "proceedings_ind": "0",
    "pub_volume": null,
    "pub_issue": null,
    "pub_page": null,
    "pub_page_start": null,
    "pub_page_end": null,
    "pub_source": "T",
    "geographic_terms": null,
    "issn_id": null,
    "is_early_release": "0",
    "created_on": "18-DEC-2007 14:53:22",
    "modified_on": "18-DEC-2007 14:56:36",
    "send_to_reviewer_ind": "A",
    "publish_to_web_ind": "Y",
    "send_to_reviewer": null,
    "child_publications": "",
    "national_research_taxonomy_elements": "",
    "pub_authors": [
        {
            "name": "Morrell, Jeffrey J.",
            "station_id": "",
            "unit_id": "",
            "team_id": "",
            "alias": "",
            "user_id": "",
            "is_employee_active": "0",
            "is_researcher": "0",
            "author_order": "1"
        },
        {
            "name": "Lebow, Stan T.",
            "station_id": "FPL",
            "unit_id": "4723",
            "team_id": "",
            "alias": "slebow",
            "user_id": "89",
            "is_employee_active": "1",
            "is_researcher": "1",
            "author_order": "2"
        }
    ],
    "current_organizational_memberships": [
        {
            "name": "Morrell, Jeffrey J.",
            "station_id": "",
            "unit_id": "",
            "team_id": "",
            "alias": "",
            "user_id": "",
            "is_employee_active": "0",
            "is_researcher": "0",
            "author_order": "1"
        },
        {
            "name": "Lebow, Stan T.",
            "station_id": "FPL",
            "unit_id": "4723",
            "team_id": "",
            "alias": "slebow",
            "user_id": "89",
            "is_employee_active": "1",
            "is_researcher": "1",
            "author_order": "2"
        }
    ],
    "strategic_program_areas": "",
    "cris_projects": "",
    "experimental_forests": "",
    "eco_regions": "",
    "latlongs": "",
    "usnatforests": "",
    "countystates": ""
}