{
    "product_id": "2254",
    "ac22_approved_for_public": "1",
    "primary_station": "FPL",
    "historical_station": "OTHER",
    "entrystatus": "Published to Web",
    "product_type_id": "1",
    "product_type_desc": "Publication",
    "product_subtype_id": null,
    "product_subtype_desc": null,
    "referee_status_id": "2",
    "status_name": "Informally Refereed (Peer-Reviewed)",
    "pub_type_id": "53",
    "pub_type_desc": "Miscellaneous Publication",
    "title": "Lignin modification in the initial phase of softwood kraft pulp delignification with polyoxometalates (POMs)",
    "product_year": " 2007",
    "abstract": "Commercial softwood kraft pulp with kappa number 30.5 (KP30.5) was delignified with polyoxometalates (POM, Na5(+2)[SiV1(-0.1)MoW10(+0.1)O40]), and POM-treated kraft pulp of kappa number 23.6 was obtained (KPPOM,23.6). Residual lignin from pulps was isolated by mild acid hydrolysis and characterized by analytical and spectral methods to gain insight into lignin reactions taking place during the initial delignification phase. Lignin from POM-delignified pulp was isolated in lower yield. Comparative analysis of residual lignins (RL-KP30.5, RL-KPPOM,23.6) showed that POM leads to products enriched in carbonyl/carboxyl groups and carbohydrates. POM lignins have a lower molecular mass and a lower content of phenolic hydroxyl and methoxyl groups. Based on these results and FTIR spectra, we suggest that aromatic ring cleavage and quinine formation occur during POM delignification. The degree of lignin-cellulose association increases after POM delignification. Lignin-cellulose association was found to be partially unstable under mild alkaline conditions, as residual lignin isolated after alkaline extraction of KPPOM,23.6 pulp (RL-KPPOM/NaOH) exhibited lower glucose content, higher Klason lignin content, and less extraneous material.",
    "citation": "Bujanovic, Biljana; Ralph, Sally A.; Reiner, Richard S.; Atalla, Rajai H. 2007. Lignin modification in the initial phase of softwood kraft pulp delignification with polyoxometalates (POMs).  Holzforschung.  Vol. 61 (2007): Pages 492-498.",
    "keywords": "Hydrolysis, chemical reactions, bleaching, pulping, sulphate pulping process, polyoxometalates, spectrum analysis, carbonyl compounds, lignin, pulp, pulp and paper processes, delignification, softwoods",
    "doi": null,
    "url_binary_file": "https://www.fpl.fs.fed.us/documnts/pdf2007/fpl_2007_bujanovic001.pdf",
    "binary_filesize": "303 KB",
    "url_landing_page": "https://www.fs.usda.gov/treesearch/pubs/29169",
    "treesearch_pub_id": "29169",
    "pub_parent_id": null,
    "pub_child_number": null,
    "pub_parent_ind": "0",
    "pub_publication": "Holzforschung.  Vol. 61 (2007): Pages 492-498.",
    "proceedings_ind": "0",
    "pub_volume": null,
    "pub_issue": null,
    "pub_page": null,
    "pub_page_start": null,
    "pub_page_end": null,
    "pub_source": "T",
    "geographic_terms": null,
    "issn_id": null,
    "is_early_release": "0",
    "created_on": "18-DEC-2007 14:03:10",
    "modified_on": "18-DEC-2007 14:10:51",
    "send_to_reviewer_ind": "A",
    "publish_to_web_ind": "Y",
    "send_to_reviewer": null,
    "child_publications": "",
    "national_research_taxonomy_elements": "",
    "pub_authors": [
        {
            "name": "Bujanovic, Biljana",
            "station_id": "",
            "unit_id": "",
            "team_id": "",
            "alias": "",
            "user_id": "",
            "is_employee_active": "0",
            "is_researcher": "0",
            "author_order": "1"
        },
        {
            "name": "Ralph, Sally A.",
            "station_id": "FPL",
            "unit_id": "4706",
            "team_id": "",
            "alias": "sralph",
            "user_id": "10",
            "is_employee_active": "1",
            "is_researcher": "0",
            "author_order": "2"
        },
        {
            "name": "Reiner, Richard S.",
            "station_id": "FPL",
            "unit_id": "4706",
            "team_id": "",
            "alias": "rreiner",
            "user_id": "41",
            "is_employee_active": "1",
            "is_researcher": "1",
            "author_order": "3"
        },
        {
            "name": "Atalla, Rajai H.",
            "station_id": "",
            "unit_id": "",
            "team_id": "",
            "alias": "ratalla",
            "user_id": "128",
            "is_employee_active": "0",
            "is_researcher": "1",
            "author_order": "4"
        }
    ],
    "current_organizational_memberships": [
        {
            "name": "Bujanovic, Biljana",
            "station_id": "",
            "unit_id": "",
            "team_id": "",
            "alias": "",
            "user_id": "",
            "is_employee_active": "0",
            "is_researcher": "0",
            "author_order": "1"
        },
        {
            "name": "Ralph, Sally A.",
            "station_id": "FPL",
            "unit_id": "4709",
            "team_id": "",
            "alias": "sralph",
            "user_id": "10",
            "is_employee_active": "1",
            "is_researcher": "0",
            "author_order": "2"
        },
        {
            "name": "Reiner, Richard S.",
            "station_id": "FPL",
            "unit_id": "4709",
            "team_id": "",
            "alias": "rreiner",
            "user_id": "41",
            "is_employee_active": "1",
            "is_researcher": "1",
            "author_order": "3"
        },
        {
            "name": "Atalla, Rajai H.",
            "station_id": "",
            "unit_id": "",
            "team_id": "",
            "alias": "ratalla",
            "user_id": "128",
            "is_employee_active": "0",
            "is_researcher": "1",
            "author_order": "4"
        }
    ],
    "strategic_program_areas": "",
    "cris_projects": "",
    "experimental_forests": "",
    "eco_regions": "",
    "latlongs": "",
    "usnatforests": "",
    "countystates": ""
}