{
    "product_id": "2273",
    "ac22_approved_for_public": "1",
    "primary_station": "FPL",
    "historical_station": "OTHER",
    "entrystatus": "Published to Web",
    "product_type_id": "1",
    "product_type_desc": "Publication",
    "product_subtype_id": null,
    "product_subtype_desc": null,
    "referee_status_id": "2",
    "status_name": "Informally Refereed (Peer-Reviewed)",
    "pub_type_id": "53",
    "pub_type_desc": "Miscellaneous Publication",
    "title": "Determination of microstickies in recycled whitewater by headspace gas chromatography",
    "product_year": " 2007",
    "abstract": "This study proposed a novel headspace gas chromatographic (HS-GC) method for determination of adhesive contaminants (microstickies) in recycled whitewater, a fiber containing process stream, in the paper mill. It is based on the adsorption behavior of toluene (as a tracer) on the hydrophobic surface of microstickies, which affects the  apparent vapor-liquid equilibration partitioning of toluene. It was found that the equilibrium concentration of toluene in the vapor phase is inversely proportional to the apparent effective surface area of microstickies that remain in the corresponding solution. Thus, the amount of microsticky materials in the recycled whitewater can be quantified by HS-GC via indirect measurement of the toluene content in the vapor phase of the sample without any pretreatment. The presented method is simple, rapid and automated.",
    "citation": "Chai, X.-S.; Samp, J.C.; Yang, Q.F.; Song, H.N.; Zhu, J.Y. 2007. Determination of microstickies in recycled whitewater by headspace gas chromatography.  Progress in paper recycling. Vol. 16, no. 3 (May 2007): Pages 12-17.",
    "keywords": "Toluene, adsorption, chromatographic analysis, waste paper, recycling, pulping, papermaking, adhesives, gas charomatography, contamination, water reuse, stickies, microstickies, pulp and paper processes, vapor phase, headspace",
    "doi": null,
    "url_binary_file": "https://www.fpl.fs.fed.us/documnts/pdf2007/fpl_2007_chai001.pdf",
    "binary_filesize": "258 KB",
    "url_landing_page": "https://www.fs.usda.gov/treesearch/pubs/29173",
    "treesearch_pub_id": "29173",
    "pub_parent_id": null,
    "pub_child_number": null,
    "pub_parent_ind": "0",
    "pub_publication": "Progress in paper recycling. Vol. 16, no. 3 (May 2007): Pages 12-17.",
    "proceedings_ind": "0",
    "pub_volume": null,
    "pub_issue": null,
    "pub_page": null,
    "pub_page_start": null,
    "pub_page_end": null,
    "pub_source": "T",
    "geographic_terms": null,
    "issn_id": null,
    "is_early_release": "0",
    "created_on": "18-DEC-2007 14:24:22",
    "modified_on": null,
    "send_to_reviewer_ind": "A",
    "publish_to_web_ind": "Y",
    "send_to_reviewer": null,
    "child_publications": "",
    "national_research_taxonomy_elements": "",
    "pub_authors": [
        {
            "name": "Chai, X.-S.",
            "station_id": "",
            "unit_id": "",
            "team_id": "",
            "alias": "",
            "user_id": "",
            "is_employee_active": "0",
            "is_researcher": "0",
            "author_order": "1"
        },
        {
            "name": "Samp, J.C.",
            "station_id": "",
            "unit_id": "",
            "team_id": "",
            "alias": "",
            "user_id": "",
            "is_employee_active": "0",
            "is_researcher": "0",
            "author_order": "2"
        },
        {
            "name": "Yang, Q.F.",
            "station_id": "",
            "unit_id": "",
            "team_id": "",
            "alias": "",
            "user_id": "",
            "is_employee_active": "0",
            "is_researcher": "0",
            "author_order": "3"
        },
        {
            "name": "Song, H.N.",
            "station_id": "",
            "unit_id": "",
            "team_id": "",
            "alias": "",
            "user_id": "",
            "is_employee_active": "0",
            "is_researcher": "0",
            "author_order": "4"
        },
        {
            "name": "Zhu, J.Y.",
            "station_id": "",
            "unit_id": "",
            "team_id": "",
            "alias": "",
            "user_id": "",
            "is_employee_active": "0",
            "is_researcher": "0",
            "author_order": "5"
        }
    ],
    "current_organizational_memberships": [
        {
            "name": "Chai, X.-S.",
            "station_id": "",
            "unit_id": "",
            "team_id": "",
            "alias": "",
            "user_id": "",
            "is_employee_active": "0",
            "is_researcher": "0",
            "author_order": "1"
        },
        {
            "name": "Samp, J.C.",
            "station_id": "",
            "unit_id": "",
            "team_id": "",
            "alias": "",
            "user_id": "",
            "is_employee_active": "0",
            "is_researcher": "0",
            "author_order": "2"
        },
        {
            "name": "Yang, Q.F.",
            "station_id": "",
            "unit_id": "",
            "team_id": "",
            "alias": "",
            "user_id": "",
            "is_employee_active": "0",
            "is_researcher": "0",
            "author_order": "3"
        },
        {
            "name": "Song, H.N.",
            "station_id": "",
            "unit_id": "",
            "team_id": "",
            "alias": "",
            "user_id": "",
            "is_employee_active": "0",
            "is_researcher": "0",
            "author_order": "4"
        },
        {
            "name": "Zhu, J.Y.",
            "station_id": "",
            "unit_id": "",
            "team_id": "",
            "alias": "",
            "user_id": "",
            "is_employee_active": "0",
            "is_researcher": "0",
            "author_order": "5"
        }
    ],
    "strategic_program_areas": "",
    "cris_projects": "",
    "experimental_forests": "",
    "eco_regions": "",
    "latlongs": "",
    "usnatforests": "",
    "countystates": ""
}