{
    "product_id": "873",
    "ac22_approved_for_public": "1",
    "primary_station": "PNW",
    "historical_station": "PNW",
    "entrystatus": "Published to Web",
    "product_type_id": "1",
    "product_type_desc": "Publication",
    "product_subtype_id": null,
    "product_subtype_desc": null,
    "referee_status_id": "2",
    "status_name": "Informally Refereed (Peer-Reviewed)",
    "pub_type_id": "3",
    "pub_type_desc": "General Technical Report (GTR)",
    "title": "Proceedings: linking healthy forests and communities through Alaska value-added forest products.",
    "product_year": " 2000",
    "abstract": "The Alaska forest products industry is experiencing significant changes in its structure due to economic, ecological, and social pressures. Papers presented at this workshop brought together technical specialists and exhibitors from forest products industry, associations, universities, and private, state, and federal land management agencies. Topics included: policy and management shifts necessary to link healthy forests, communities, and industries; silvicultural concerns for future forest potential; enhancing value in lumber, engineered timber products, processing of finished wood products, and special (craft and nontimber) forest products; and assessment of Alaska forest products industry’s competitive position within state, national, and in Pacific Rim markets. <p>As the first technology transfer event of the Wood Utilization Research and Development Center, the Alaska Value-Added Forest Products Workshop set the stage for developing a strong research and development program for the new center. The center’s mission includes working with community partners to identify and evaluate the opportunities for small businesses and examining how small businesses benefit the local economy. The Alaska Wood Utilization Research and Development Center opened in Sitka in January 1999. Congress directed its creation to identify and evaluate \"value-added\" activities that may provide a durable mix of employment, profits, and forest products industry in Alaska. The Center is a part of the USDA Forest Service Pacific Northwest Research Station.</p>",
    "citation": "Laufenberg, Theodore L.; Brady, Bridget K., eds. 2000. Proceedings: linking healthy forests and communities through Alaska value-added forest products.  Gen. Tech. Rep. PNW-GTR-500. Portland, OR: U.S. Department of Agriculture, Forest Service, Pacific Northwest Research Station. 341 p",
    "keywords": "forest products, Alaska, wood, timber, logs, economics, forest management, silviculture, land use, engineered products, lumber, special forest products, nontimber forest products, markets, international, secondary processing, value added, forest health, Sitka spruce, yellow-cedar, western redcedar, hemlock, white spruce, red alder, small business, community development, research needs, industry capacity",
    "doi": "10.2737/PNW-GTR-500",
    "url_binary_file": "https://www.fs.fed.us/pnw/pubs/pnw_gtr500.pdf",
    "binary_filesize": "1.0 MB",
    "url_landing_page": "https://www.fs.usda.gov/treesearch/pubs/3077",
    "treesearch_pub_id": "3077",
    "pub_parent_id": null,
    "pub_child_number": null,
    "pub_parent_ind": "0",
    "pub_publication": "Gen. Tech. Rep. PNW-GTR-500. Portland, OR: U.S. Department of Agriculture, Forest Service, Pacific Northwest Research Station. 341 p",
    "proceedings_ind": "0",
    "pub_volume": "500",
    "pub_issue": null,
    "pub_page": null,
    "pub_page_start": null,
    "pub_page_end": null,
    "pub_source": "T",
    "geographic_terms": null,
    "issn_id": null,
    "is_early_release": "0",
    "created_on": null,
    "modified_on": "18-OCT-2016 15:55:27",
    "send_to_reviewer_ind": "A",
    "publish_to_web_ind": "Y",
    "send_to_reviewer": null,
    "child_publications": "",
    "national_research_taxonomy_elements": [
        {
            "nrt_id": "53",
            "nrt_title": "Economics"
        },
        {
            "nrt_id": "56",
            "nrt_title": "Forest management"
        },
        {
            "nrt_id": "62",
            "nrt_title": "Timber"
        },
        {
            "nrt_id": "67",
            "nrt_title": "Community development"
        },
        {
            "nrt_id": "79",
            "nrt_title": "Forest products industry"
        },
        {
            "nrt_id": "88",
            "nrt_title": "Wood utilization"
        }
    ],
    "pub_authors": [
        {
            "name": "Laufenberg, Theodore L.",
            "station_id": "FPL",
            "unit_id": "4706",
            "team_id": "",
            "alias": "tlaufenberg",
            "user_id": "101",
            "is_employee_active": "0",
            "is_researcher": "0",
            "author_order": "1"
        },
        {
            "name": "Brady, Bridget K. eds.",
            "station_id": "",
            "unit_id": "",
            "team_id": "",
            "alias": "",
            "user_id": "",
            "is_employee_active": "0",
            "is_researcher": "0",
            "author_order": "2"
        }
    ],
    "current_organizational_memberships": [
        {
            "name": "Laufenberg, Theodore L.",
            "station_id": "FPL",
            "unit_id": "4706",
            "team_id": "",
            "alias": "tlaufenberg",
            "user_id": "101",
            "is_employee_active": "0",
            "is_researcher": "0",
            "author_order": "1"
        },
        {
            "name": "Brady, Bridget K. eds.",
            "station_id": "",
            "unit_id": "",
            "team_id": "",
            "alias": "",
            "user_id": "",
            "is_employee_active": "0",
            "is_researcher": "0",
            "author_order": "2"
        }
    ],
    "strategic_program_areas": "",
    "cris_projects": "",
    "experimental_forests": "",
    "eco_regions": "",
    "latlongs": "",
    "usnatforests": "",
    "countystates": ""
}